question,answer,unit,category,funFact
Number of districts in the Dhaka Division,13,districts,Desh,Dhaka is the most populated and administratively dense division in BD.
Height of the Shapla Square monument in Motijheel (meters),21,meters,Desh,"The sculpture represents a water lily, the national flower of Bangladesh."
Total length of the Bangabandhu Tunnel under Karnaphuli River (meters),3315,meters,Desh,It is the first under-river road tunnel in South Asia.
How many gates are in the Curzon Hall of Dhaka University?,14,gates,Desh,The building is a prime example of Indo-Saracenic architecture.
Total number of pillars on the Mayor Hanif Flyover,212,pillars,Desh,"It is the longest flyover in Bangladesh, stretching 11 kilometers."
Year the first ever bridge over the Jamuna river (rail/road) opened,1998,year,Desh,It significantly shortened the travel time between Dhaka and North Bengal.
Number of 'Bir Uttom' awardees from the 1971 war,68,people,Desh,This is the second-highest gallantry award for individual bravery.
Year the first internet connection was established in Bangladesh,1996,year,Desh,The first connection was made via VSAT through an ISP called Information Services Network.
Number of days the Liberation War of Bangladesh lasted in 1971,267,days,Desh,The war began on March 26 and ended with victory on December 16.
How many National Nationalized Banks (Commercial) are in BD as of 2024?,6,banks,Desh,"These include Sonali, Janata, Agrani, Rupali, BASIC, and BDBL."
Number of tea gardens in the Moulvibazar district,92,gardens,Desh,Moulvibazar produces the vast majority of tea in Bangladesh.
Total length of the Dhaka-Chittagong Highway in kilometers,248,km,Desh,This is the busiest and most economically important highway in the country.
Number of administrative divisions in Bangladesh (as of 2026),8,divisions,Desh,"The newest division is Mymensingh, established in 2015."
How many districts does the Khulna division have?,10,districts,Desh,Khulna is the third-largest division and home to the Sundarbans.
Number of galleries in the Muktijuddho (Liberation War) Museum,4,galleries,Desh,The museum is now located in a state-of-the-art building in Agargaon.
Length of the Hardinge Bridge in feet,5894,feet,Desh,This historic railway bridge over the Padma was completed in 1912.
Total length of the Lalon Shah Bridge in meters,1800,meters,Desh,It is a major road bridge connecting Pabna and Kushtia over the Padma.
Number of gold medals Bangladesh has won in Asian Games (up to 2024),12,medals,Desh,The majority of these medals have come from the sport of Kabaddi.
Number of seats in the VIP cabin of a standard domestic ATR 72-600 plane,8,seats,Desh,Biman and private airlines like Air Astra use this aircraft for short hauls.
How many hours does the fast passenger launch take from Dhaka to Barishal?,8,hours,Desh,This is the classic overnight journey through the delta's river system.
Price of 1kg of local 'Masur Dal' in a Dhaka retail market (2024),150,BDT,Price,Lentils are a primary source of protein for many Bangladeshi families.
Cost of a single 15kg LP gas cylinder from a private distributor (2024),1600,BDT,Price,Private gas prices are slightly higher than the BERC-regulated state prices.
Price of a 1kg packet of Aarong Ghee (2024),1650,BDT,Price,Ghee is a luxury cooking ingredient used for rich dishes and desserts.
Retail price of a 500g packet of Danish brand condensed milk (2024),95,BDT,Price,Condensed milk is widely used for making tea and local sweets.
Cost of a standard Rickshaw fare from Dhanmondi 32 to Science Lab (2024),40,BDT,Price,Rickshaw pullers often calculate fares based on time and road conditions.
Price of a 'Mini' plate of Fuchka at a roadside stall in Dhanmondi (2024),60,BDT,Price,Fuchka is arguably the most popular street food in the country.
Average price of 1kg of local Garlic in Dhaka (2024),220,BDT,Price,Garlic prices see sharp spikes when imports from China are delayed.
Price of a 10-pack of Gold Leaf cigarettes in a local shop (2024),140,BDT,Price,Cigarette prices are fixed based on the tier system in the national budget.
Cost of a 1kg packet of Pusty Flour (Ata) in a grocery store (2024),65,BDT,Price,Flour is an essential staple for making daily handmade rotis.
Price of a 250ml glass of 'Special Lassi' at Beauty Lassi (Old Dhaka) (2024),100,BDT,Price,This shop has been operating since the British colonial era.
Cost of a single adult entry ticket to the 3D Cineplex at SKS Tower (2024),600,BDT,Price,SKS Tower hosts one of the most premium cinema experiences in Dhaka.
Price of 1kg of 'A' grade Ginger at Karwan Bazar (mid-2024),280,BDT,Price,Ginger is often imported from India and Vietnam to meet local demand.
Cost of a 1kg tub of Pran Mango Pickle in a supermarket (2024),350,BDT,Price,Pickles are a staple side dish in Bengali households during lunch.
Price of a 1kg packet of Fortune brand refined sugar (2024),145,BDT,Price,Sugar prices are capped by the government to prevent market hoarding.
Average cost of a 'Double' cabin on a Barishal-bound launch (private) (2024),2500,BDT,Price,Launch cabins are like mobile hotel rooms with beds and AC.
Price of a single 100g bar of Lux soap (Soft Touch) (2024),75,BDT,Price,Personal care products have seen consistent price hikes over the last year.
Price of 1kg of Broiler Chicken in a Dhaka kitchen market (May 2024),210,BDT,Price,Poultry prices change almost daily based on farm supply and feed costs.
Cost of a standard 40W energy-saving LED bulb (Transtec/Philips) (2024),280,BDT,Price,LED bulbs have significantly reduced electricity consumption in urban homes.
Price of a 1kg pack of local salt (crude) in a rural market (2024),35,BDT,Price,Crude salt is cheaper than refined iodized salt used in cities.
Cost of a single trip in a CNG from Uttara to Motijheel (negotiated) (2024),450,BDT,Price,Most CNG drivers do not use meters and instead rely on bargaining.
Price of 1kg of Ruhi fish at a local wet market (medium size) (2024),450,BDT,Price,Ruhi is the most common and beloved freshwater fish in the country.
Cost of a single 150g packet of Bombay Sweets Potato Crackers (2024),30,BDT,Price,This brand has been a household name for snacks for decades.
Price of 1kg of local 'Goru' (Beef) meat with bones at Karwan Bazar (2024),780,BDT,Price,Beef is the most expensive meat in the local market after mutton.
Cost of a 1-liter bottle of local brand dishwashing liquid (Vixol/Savlon) (2024),220,BDT,Price,Cleaning products are now mass-produced locally by major conglomerates.
Price of a 2kg packet of Surf Excel washing powder in Dhaka (2024),480,BDT,Price,Surf Excel is the market leader in the premium detergent segment.
Cost of a single movie ticket at Balaka Cinema Hall (standard) (2024),250,BDT,Price,Balaka is one of the oldest and most iconic cinema halls near Dhaka University.
"Price of a 1kg box of standard sweets (Misti) at Rossomoy, Dhaka (2024)",450,BDT,Price,Sweets are an essential gift when visiting friends or family in BD.
Cost of a non-AC bus ticket from Dhaka to Rajshahi (standard) (2024),600,BDT,Price,Non-AC buses are the primary mode of travel for budget-conscious people.
Price of a 500ml bottle of Coca-Cola in a local shop (2024),40,BDT,Price,Soda prices are printed on the bottle and rarely vary between shops.
Price of a single McDonald's Big Mac in the USA (average 2024),6,USD,Price,Economists use the 'Big Mac Index' to measure purchasing power parity.
Cost of a one-month Netflix Standard plan in the USA (2024),15,USD,Price,Netflix has raised prices several times to fund its original content.
Price of a 12-pack of 12oz Coca-Cola cans in a US grocery store (2024),8,USD,Price,The price of soda has risen significantly due to supply chain inflation.
Cost of a single adult movie ticket in New York City (average) (2024),18,USD,Price,NYC is one of the most expensive cities for cinema in the world.
Retail price of a 4-pack of Energizer AA batteries in the US (2024),7,USD,Price,Alkaline battery prices are relatively stable compared to lithium ones.
Cost of a single 'In-N-Out' Double-Double burger in California (2024),6,USD,Price,In-N-Out is famous for maintaining low prices despite high quality.
Price of 1 gallon of regular gasoline in California (average 2024),5,USD,Price,Gas prices in California are typically the highest in the US due to taxes.
Cost of a standard 1-day ticket to Disneyland Park (lowest tier) (2024),104,USD,Price,Disney uses dynamic pricing based on the day of the week and season.
Cost of an iPhone 15 Pro (128GB) at US launch (2023),999,USD,Price,Apple maintained the price of the Pro model for several generations.
Price of a 1kg tub of Nutella in a standard US supermarket (2024),10,USD,Price,Nutella is an imported luxury spread but has a cult following in the US.
Retail price of a 1-gallon jug of whole milk in the USA (average) (2024),4,USD,Price,Milk is a primary grocery staple used to measure cost-of-living.
Cost of a 10-piece Chicken McNuggets at McDonald's USA (average) (2024),6,USD,Price,Fast food prices have increased significantly over the last 3 years.
Price of a single 'First Class' forever stamp in the US (2024),68,cents,Price,Forever stamps can be used even if the price of postage rises later.
Cost of a 1-month subscription to Disney+ (No Ads) in the US (2024),14,USD,Price,Disney+ has focused on profitability by increasing subscription fees.
Price of a 1kg bag of Starbucks Pike Place coffee beans in the US (2024),18,USD,Price,Buying whole beans is a common way for US consumers to save on coffee.
Cost of a standard pair of Levi's 501 jeans in a US retail store (2024),60,USD,Price,Levi's is a global icon of American fashion and denim quality.
Price of a single ride on the NYC Subway (2024),3,USD,Price,The fare is flat regardless of the distance traveled within the system.
Annual membership fee for a standard Costco Gold Star plan (2024),60,USD,Price,The membership allows access to bulk pricing and cheaper gasoline.
Number of World Cup titles won by the Australian cricket team (ODI),6,titles,Sports,Australia is the most successful team in the history of the tournament.
Number of goals scored by Pele in his professional career (official),767,goals,Sports,"The total including friendlies is often cited as over 1,200."
Seating capacity of the Camp Nou stadium in Barcelona (approx),99354,seats,Sports,It is the largest stadium in Europe and the home of FC Barcelona.
How many yards long is a standard professional soccer pitch (avg)?,115,yards,Sports,The dimensions can vary slightly but are regulated by FIFA.
Number of teeth a snail can have in its mouth (up to),14000,teeth,Weird Facts,Snails have thousands of microscopic teeth on their tongue (radula).
Number of minutes the shortest ever war lasted (Britain vs Zanzibar),38,minutes,Weird Facts,The war ended after the Sultan's palace was bombarded by ships.
How many heartbeats per minute does a hibernating groundhog have?,5,bpm,Weird Facts,Their heart rate drops drastically to save energy during winter.
Number of legs a millipede can have (up to),750,legs,Weird Facts,"Despite the name meaning 'thousand feet', none have reached 1,000."
How many brains does a common leech have?,32,brains,Weird Facts,"A leech's body is divided into 32 segments, each with its own brain."
Number of years it takes for a plastic bottle to decompose (avg),450,years,Weird Facts,Plastic never fully disappears; it just turns into microplastics.
How many liters of saliva does a human produce in a year (avg)?,365,liters,Weird Facts,The human body produces about 1 to 1.5 liters of spit every day.
How many taste buds does a typical human tongue have?,10000,taste buds,Weird Facts,Taste buds are replaced every two weeks throughout your life.
Number of districts in the Chattogram division,11,districts,Desh,It is the largest division in Bangladesh by land area.
Number of major bridges over the Jamuna river (as of 2026),2,bridges,Desh,This includes the original multi-purpose bridge and the new rail bridge.
Number of years the Mughal empire ruled over the Bengal region,185,years,Desh,The Mughals established Dhaka as a major provincial capital.
Total number of seats reserved for women in the Jatiya Sangsad,50,seats,Desh,These seats are distributed among parties based on their total vote share.
How many gates are in the historic Lalbagh Fort?,3,gates,Desh,The fort was never fully completed but remains a major Dhaka landmark.
Year the first private satellite channel (ATN Bangla) started in BD,1997,year,Desh,This ended the state monopoly of BTV on television broadcasts.
Number of bridges in the '3-Bridge' complex in Daudkandi,3,bridges,Desh,"It consists of the Meghna, Gumti, and another small bridge."
Number of public universities currently in Bangladesh (approx 2024),55,universities,Desh,"This includes general, technical, and agricultural universities."
Year the first gold medal was won by BD in South Asian Games,1984,year,Desh,Bangladesh has been a consistent participant in the SAG since its inception.
Cost of a single 'Fuchka' plate at a premium Dhaka restaurant (2024),150,BDT,Price,Fine dining versions of street food are popular in malls.
Price of a 2-liter bottle of 7UP at a grocery store (2024),100,BDT,Price,Larger bottles offer better value for parties and families.
Cost of a 'Mini' burger at a local street stall in Dhaka (2024),50,BDT,Price,Street burgers are a common quick snack for students.
Price of a 1kg packet of Ispahani Mirzapore Tea (2024),580,BDT,Price,This is one of the most popular tea brands in Bangladesh.
Cost of a single AC train ticket from Dhaka to Chittagong (Snigdha) (2024),800,BDT,Price,Snigdha is the standard AC chair class on Bangladesh Railway.
Price of a 100g bar of Cadbury Dairy Milk in a Dhaka shop (2024),180,BDT,Price,Imported chocolates carry significant taxes in Bangladesh.
Cost of a standard 500ml bottle of Savlon Handwash (2024),180,BDT,Price,Hygiene products saw a massive surge in use after 2020.
Price of 1kg of high-quality 'Chinigura' rice in a packet (2024),160,BDT,Price,This small-grain aromatic rice is used for making Polao and Biryani.
Cost of a single ride on a local 'Laguna' in Dhaka (max distance) (2024),30,BDT,Price,Lagunas are small human-haulers that fill the gap in public transport.
Price of a 1kg tub of Horlicks in a Dhaka pharmacy (2024),850,BDT,Price,Malted milk drinks are popular health supplements for children in BD.
Number of legs on a common house spider,8,legs,Weird Facts,"Spiders are arachnids, distinguishing them from six-legged insects."
Number of muscles in a cat's ear,32,muscles,Weird Facts,This allows them to rotate their ears 180 degrees independently.
Number of bones in a newborn human baby (approx),270,bones,Weird Facts,Many of these bones fuse together as the baby grows into an adult.
Number of years a Greenland shark can live (up to),400,years,Weird Facts,They are the longest-living vertebrates on the planet.
How many miles wide is the Earth at the equator (rounded)?,7926,miles,Global,The Earth is slightly wider at the middle due to its rotation.
Length of the Cox's Bazar sea beach in kilometers,120,km,Desh,It is considered the world's longest natural sandy sea beach.
Height of the National Martyr's Memorial in Savar in feet,150,feet,Desh,The monument is composed of 7 pairs of triangular walls.
Number of UNESCO World Heritage Sites in Bangladesh,3,sites,Desh,They are Bagerhat
Year the first Grameen Bank was founded by Muhammad Yunus,1983,year,Desh,It revolutionized the concept of microcredit for the poor.
Area of the Sundarbans within Bangladesh in square kilometers,6017,sq km,Desh,It is the largest mangrove forest in the world.
Percentage of the world's Hilsa fish caught in Bangladesh,75,percent,Desh,Hilsa is the national fish of Bangladesh.
Number of days the Amar Ekushey Book Fair lasts,28,days,Desh,It takes place every February to honor language martyrs.
Number of garment factories in Bangladesh approximately,4000,factories,Desh,The RMG sector is the nation's primary export earner.
Number of border crossings between Bangladesh and India,36,crossings,Desh,Benapole is the most prominent land port.
Launch price of the Sony PlayStation 2 in the year 2000,299,USD,Price,It remains the best-selling console of all time.
Price of 1 Bitcoin in USD on January 1st 2012,5,USD,Price,The currency saw massive growth in the years following.
Launch price of the first Apple Watch in 2015,349,USD,Price,This was the 'Series 0' model.
Cost of the first generation iPhone in 2007,499,USD,Price,The 4GB model started at this price point.
Launch price of the first Kindle in 2007,399,USD,Price,It sold out in five and a half hours.
Price of an original Tamagotchi game console in 1997,18,USD,Price,The digital pet was a massive global craze.
Cost of a Tesla Model 3 at its 2017 launch,35000,USD,Price,It was marketed as the affordable EV option.
Cost of a 30 second Super Bowl ad in 2024 in millions,7,millions,Price,Ad costs have risen drastically over the decades.
Launch price of the first generation iPod in 2001,399,USD,Price,It held 1000 songs in your pocket.
Retail price of the first Nintendo Entertainment System in 1985,199,USD,Price,This was for the Control Deck version.
Price of a Big Mac in Switzerland in 2024,8,USD,Price,Switzerland often has the highest Big Mac index.
Winning auction price of the most expensive baseball card in millions (2024),12,millions,Price,A 1952 Mickey Mantle card set this record.
Price of one troy ounce of gold in USD in early 1970,35,USD,Price,The price was fixed before the gold standard ended.
Launch price of the PlayStation 5 in 2020,499,USD,Price,This was the price for the disc drive version.
Average cost of a movie ticket in the US in 1990,4,USD,Price,Ticket prices were much lower before the digital era.
Price of the first Ford Model T in 1908,825,USD,Price,Mass production eventually dropped the price to $260.
Price of 1kg of high grade Saffron in USD approximately (2024),5000,USD,Price,It is the most expensive spice in the world.
Cost of an AOL monthly dial up subscription in 1996,20,USD,Price,This flat rate led to a massive surge in usage.
Cost of a 12 inch cheese pizza in New York City in 1960,1,USD,Price,This is the legendary 'Pizza Principle' benchmark.
Height of Mount Everest in meters,8848,meters,Global,It is the highest point above sea level on Earth.
Number of keys on a standard grand piano,88,keys,Global,There are 52 white keys and 36 black keys.
How many teeth does a mosquito have,47,teeth,Weird Facts,They use these to grip and pierce the skin.
Number of hearts an octopus has,3,hearts,Weird Facts,Two pump blood to the gills
Number of noses a slug has,4,noses,Weird Facts,They are actually sensory tentacles for smelling.
How many months can a scorpion live without food,12,months,Weird Facts,They have a very slow metabolism.
Number of eyes a honeybee has,5,eyes,Weird Facts,They have two large compound eyes and three small ones.
How many keys are on a standard stenograph machine,22,keys,Weird Facts,Court reporters use these to type at high speeds.
Number of islands in Sweden which is a world record,221800,islands,Weird Facts,Most of these are uninhabited.
Number of years a tortoise can live on average,150,years,Weird Facts,Jonathan the tortoise is the oldest known land animal.
How many hearts does a hagfish have,4,hearts,Weird Facts,They have one main heart and three accessory pumps.
Number of scent receptors in a dog's nose in millions,300,millions,Weird Facts,Humans only have about 6 million.
Total length of the Padma Bridge in meters,6150,meters,Desh,The bridge is a double-decker with rail on the lower level and road on the upper level.
Number of spans of the main Padma Bridge structure,41,spans,Desh,"Each span is 150 meters long, supported by massive piers driven deep into the riverbed."
Number of piers supporting the Padma Bridge,42,piers,Desh,"The piers go down over 120 meters into the riverbed, among the deepest in the world."
Construction cost of the Padma Bridge in thousand crore BDT (rounded) (2024),30,thousand crore BDT,Desh,It was fully self-funded by Bangladesh after the World Bank pulled out of the project.
Toll for a private car to cross the Padma Bridge in BDT,750,BDT,Desh,"Trucks pay over 5 times more, while motorcycles pay only 100 BDT."
Number of stations on the Dhaka Metro Rail Line 6,16,stations,Desh,The line connects Uttara North to Motijheel through central Dhaka.
Total length of Dhaka Metro Rail Line 6 in kilometers,21,km,Desh,Line 6 is the first operational MRT line in Bangladesh.
Minimum fare for the Dhaka Metro Rail in BDT (2024),20,BDT,Desh,The fare is distance-based with a 10 percent discount for Rapid Pass users.
Maximum end-to-end fare on the Dhaka Metro Rail in BDT (2024),100,BDT,Desh,Uttara North to Motijheel is the longest single trip on the network.
Top operating speed of the Dhaka Metro Rail in km/h,100,km/h,Desh,The Japanese-built trains can hit this top speed but cruise at lower averages.
Total area of Bangladesh in thousand square kilometers (rounded),148,thousand sq km,Desh,"Despite its small area, Bangladesh ranks among the most densely populated countries."
Population of Bangladesh rounded to the nearest million as of 2024,173,million,Desh,Bangladesh ranks as the 8th most populous country in the world.
Length of the Bangladesh-India border in kilometers,4156,km,Desh,This is one of the longest international land borders in the world.
Length of the Bangladesh-Myanmar border in kilometers,271,km,Desh,Most of this border runs through hilly forested terrain in the Chittagong Hill Tracts.
Length of the Bangladesh coastline along the Bay of Bengal in kilometers,580,km,Desh,This includes the longest natural sea beach in the world at Cox's Bazar.
"Height of Tajingdong, the highest peak in Bangladesh, in meters",1280,meters,Desh,"Located in Bandarban, it is also known as Bijoy or Victory Peak."
"Height of Keokradong, the second highest peak in Bangladesh, in meters",883,meters,Desh,It is a popular trekking destination in the Chittagong Hill Tracts.
Number of rivers flowing through Bangladesh (commonly cited figure),700,rivers,Desh,"The exact count varies, but Bangladesh is famously known as the land of rivers."
Number of recipients of the Bir Sreshtho gallantry award,7,people,Desh,"Bir Sreshtho is the highest military award, with all recipients honored posthumously."
Number of Bir Bikrom awardees from the Liberation War,175,people,Desh,Bir Bikrom is the third-highest gallantry award in Bangladesh.
Number of Bir Protik awardees from the 1971 war,426,people,Desh,Bir Protik is the fourth-highest gallantry award for bravery.
Number of sectors the Liberation War was strategically divided into,11,sectors,Desh,Each sector had its own commander leading the Mukti Bahini forces.
Year UNESCO declared February 21 as International Mother Language Day,1999,year,Desh,It was officially recognized after a proposal from Bangladesh in 1999.
Number of language martyrs commonly commemorated on February 21,5,martyrs,Desh,"Salam, Barkat, Rafiq, Jabbar and Shafiur are the names most commemorated."
Number of paragraphs in the 1971 Proclamation of Independence,4,paragraphs,Desh,"The proclamation was issued on April 10, 1971 by the Mujibnagar government."
Total number of seats in the Jatiya Sangsad (parliament),350,seats,Desh,"Of these, 300 are directly elected and 50 are reserved for women."
Number of directly elected seats in the Jatiya Sangsad,300,seats,Desh,Members are elected via first-past-the-post in single-member constituencies.
Minimum age to be elected as President of Bangladesh,35,years,Desh,The Constitution sets this age threshold for the country's highest ceremonial office.
Number of articles in the original 1972 Constitution of Bangladesh,153,articles,Desh,The Constitution has been amended several times since its adoption.
Term length for a member of the Jatiya Sangsad in years,5,years,Desh,"Parliament can be dissolved early, triggering snap elections before the term ends."
Highest individual Test score by a Bangladeshi cricketer,219,runs,Desh,"Mushfiqur Rahim holds this record, scored against Zimbabwe in 2018."
Year Bangladesh won its first ever ICC trophy (U-19 World Cup),2020,year,Desh,Akbar Ali led the team to victory in South Africa.
Number of ODI World Cups Bangladesh has participated in (through 2023),7,tournaments,Desh,Bangladesh debuted at the 1999 World Cup in England.
Year Bangladesh first beat India in an ODI cricket match,2004,year,Desh,The famous win at Mirpur kicked off Bangladesh's rivalry with India in cricket.
Seating capacity of the Sher-e-Bangla National Stadium in Mirpur,25000,seats,Desh,It is the primary home of Bangladesh cricket and hosts most international matches.
Year the Bangladesh Premier League (BPL) was launched,2012,year,Desh,The BPL is Bangladesh's franchise-based T20 cricket league.
Year the iconic film 'Beder Meye Josna' was released,1989,year,Desh,The Anjuman-starring romantic drama became one of the highest-grossing BD films of all time.
Year Humayun Ahmed's debut novel 'Nondito Noroke' was published,1972,year,Desh,It established him as the most beloved Bengali writer of his generation.
Year the legendary drama serial 'Kothao Keu Nei' first aired on BTV,1990,year,Desh,Baker Bhai became one of the most iconic characters in Bangladeshi TV history.
Number of episodes in the classic Humayun Ahmed series 'Aaj Robibar',7,episodes,Desh,The family comedy aired on BTV in 1999 and became a generational classic.
Year Anjan Dutt's iconic song 'Bela Bose' was released,1994,year,Desh,The Bengali rock anthem became a cult classic across both Bangladesh and West Bengal.
Year the band LRB was formed by Ayub Bachchu,1991,year,Desh,Love Runs Blind became one of the most influential bands in Bangladeshi rock.
Year the Concert for Bangladesh was held in Madison Square Garden,1971,year,Desh,Organized by George Harrison and Ravi Shankar to raise relief funds.
Number of artists who performed at the 1971 Concert for Bangladesh,8,artists,Desh,"Headliners included George Harrison, Bob Dylan, Eric Clapton, and Ringo Starr."
Year Bangladeshi film 'Matir Moina' won a Cannes award,2002,year,Desh,"Directed by Tareque Masud, it was BD's first film at the Cannes Film Festival."
Year Grameen Bank was officially established as a bank,1983,year,Desh,Muhammad Yunus's microfinance model later won the Nobel Peace Prize.
Year BRAC was founded by Sir Fazle Hasan Abed,1972,year,Desh,BRAC is now the largest non-governmental development organization in the world.
Number of garment factories in Bangladesh (commonly cited figure),4000,factories,Desh,Bangladesh is the world's second-largest garment exporter after China.
Year the Rana Plaza building collapse occurred in Savar,2013,year,Desh,"It killed over 1,100 garment workers and reshaped global supply chain ethics."
Year bKash mobile financial service was launched in Bangladesh,2011,year,Desh,It revolutionized money transfers and is now used by over 70 million people.
"Year Pathao, a popular ride-sharing app, was founded in Bangladesh",2015,year,Desh,It started as a courier service before expanding to bike-hailing rides.
"Year Daraz, the e-commerce platform, was launched in Bangladesh",2014,year,Desh,It was later acquired by Alibaba Group in 2018.
Year construction of the Jatiya Sangsad Bhaban (Parliament) was completed,1982,year,Desh,"Designed by Louis Kahn, it took 21 years to build."
Year Louis Kahn was commissioned to design the Parliament Building,1961,year,Desh,The Pakistani government commissioned him before independence.
Year the Lalbagh Fort construction began in Old Dhaka,1678,year,Desh,"Prince Muhammad Azam Shah started the Mughal-era fort, but it was never completed."
Year the Sundarbans was declared a UNESCO World Heritage Site,1997,year,Desh,It is the largest mangrove forest in the world.
Number of mosques originally in the Historic Mosque City of Bagerhat,360,mosques,Desh,"Built by Khan Jahan Ali in the 15th century, only a fraction survive today."
Number of districts in Bangladesh as of 2024,64,districts,Desh,Bangladesh is administratively divided into 8 divisions and 64 districts.
Number of Upazilas (sub-districts) in Bangladesh as of 2024,495,upazilas,Desh,Upazilas form the second-lowest tier of local administration.
Number of Bengali months in the Bangla calendar,12,months,Desh,"The year begins with Boishakh, celebrated as Pohela Boishakh on April 14."
"Number of days in the longest Bangla month, Baishakh",31,days,Desh,The Bangla calendar was revised in 1966 to standardize month lengths.
Year the Bangla Academy was founded in Dhaka,1955,year,Desh,It was established to promote the Bangla language and literature.
Year the city of Dhaka was officially founded by the Mughals as a capital,1610,year,Desh,Subahdar Islam Khan I declared Dhaka the capital of Mughal Bengal.
Year the first tram service started in Dhaka (under British rule),1885,year,Desh,Horse-drawn trams ran through Old Dhaka until they were discontinued in 1951.
Number of fixed BRT (Bus Rapid Transit) stations planned for Dhaka,25,stations,Desh,The BRT line runs from Gazipur to Hazrat Shahjalal International Airport.
Year the Hazrat Shahjalal International Airport was officially opened,1980,year,Desh,It was previously known as Zia International Airport.
Number of terminals at Hazrat Shahjalal International Airport (after expansion),3,terminals,Desh,"Terminal 3, the newest, became operational in stages from 2023."
Launch price of the original iPhone 16 Pro 256GB in USD (2024),1099,USD,Price,Apple kept the 256GB tier as the new entry point for the Pro model.
Launch price of the Apple Vision Pro headset in USD (2024),3499,USD,Price,Apple's mixed-reality device launched at the highest debut price of any consumer Apple product.
Launch price of the Sony PlayStation 5 Pro in USD (2024),700,USD,Price,The Pro variant launched without a disc drive included.
Launch price of the Nintendo Switch in USD (2017),299,USD,Price,The hybrid console redefined portable gaming when it debuted.
Launch price of the original iPad in USD (2010),499,USD,Price,Steve Jobs personally unveiled it at the famous Yerba Buena keynote.
Launch price of the original Xbox in USD (2001),299,USD,Price,Microsoft's entry into console gaming undercut the PlayStation 2.
Launch price of the GameCube in the US in 2001,199,USD,Price,Nintendo aggressively undercut both PlayStation 2 and Xbox at launch.
Launch price of the original Game Boy in USD (1989),89,USD,Price,Tetris came bundled with most North American launch units.
Launch price of the iPod Mini in the US in 2004,249,USD,Price,It was Apple's first iPod with multiple color options.
Launch price of the original Macintosh computer in USD (1984),2495,USD,Price,Steve Jobs unveiled it during the famous '1984' Super Bowl ad campaign.
Launch price of the first-generation AirPods in USD (2016),159,USD,Price,They became the best-selling wireless earbuds in the world within a few years.
Launch price of the Tesla Cybertruck (base model) in USD (2023),60990,USD,Price,The truck launched years late after its 2019 unveiling.
Launch price of the original Roomba vacuum in USD (2002),199,USD,Price,iRobot's autonomous floor cleaner kicked off the home robotics market.
Launch price of the Oculus Rift CV1 in USD (2016),599,USD,Price,It kicked off the consumer VR era after years of developer kits.
Launch price of the Meta Quest 3 in USD (2023),499,USD,Price,The standalone VR headset is the successor to the popular Quest 2.
Monthly cost of HBO Max (ad-free) in the US as of 2024,16,USD,Price,Now branded simply as 'Max' after the 2023 merger.
Monthly cost of Apple TV+ in the US as of 2024,10,USD,Price,Apple raised the price from $6.99 in 2023.
Monthly cost of YouTube Premium (individual) in the US as of 2024,14,USD,Price,The plan removes ads and includes YouTube Music.
Monthly cost of Hulu (with ads) in the US as of 2024,8,USD,Price,Hulu's ad-supported tier is the cheapest among major streamers.
Annual cost of Amazon Prime in the US as of 2024,139,USD,Price,The price increased from $119 in early 2022.
Monthly cost of GitHub Copilot for individuals in USD (2024),10,USD,Price,The AI coding assistant became one of the fastest-growing developer tools.
Monthly cost of a New York Times All Access digital subscription (2024),25,USD,Price,"It includes news, cooking, games, sports, and audio."
Cost of a Big Mac Meal at McDonald's in the US (average 2024),11,USD,Price,Fast food prices in the US rose over 30 percent since 2019.
Cost of a Footlong sub at Subway in the US (average 2024),9,USD,Price,The classic 'five-dollar footlong' deal disappeared after inflation.
Cost of a Chipotle chicken burrito in the US (average 2024),10,USD,Price,Chipotle has steadily raised prices to offset wage and ingredient costs.
Cost of a Starbucks Grande Latte in the US (average 2024),5,USD,Price,Starbucks coffee prices have climbed steadily over the past decade.
Cost of a single Krispy Kreme original glazed donut in the US (average) (2024),2,USD,Price,A dozen typically costs around $12 at standard locations.
Price of 1kg of Pran branded onions in Dhaka in 2024,80,BDT,Price,Onion prices spike whenever imports from India face restrictions.
Price of a 1kg pack of 'Miniket' rice in Dhaka in 2024,75,BDT,Price,Miniket is the most commonly consumed processed rice in urban Bangladesh.
Price of 1 dozen brown eggs in a Dhaka kitchen market in 2024,145,BDT,Price,Egg prices have seen sharp inflation due to rising poultry feed costs.
Price of 1 liter of soybean cooking oil in Dhaka in 2024,165,BDT,Price,Bottled soybean oil is the most common cooking oil in Bangladeshi homes.
Price of a 1kg pack of Aarong Dairy butter in Dhaka in 2024,1100,BDT,Price,Aarong Dairy is the premium dairy brand owned by BRAC.
Price of a 200g Polar ice cream tub in a Dhaka shop in 2024,130,BDT,Price,Polar is one of the oldest local ice cream brands in Bangladesh.
Price of a 'Set Menu' lunch at Kasturi Restaurant Dhaka in 2024,350,BDT,Price,Kasturi is famous for traditional Bengali set meals near Purana Paltan.
Price of a single 'Borhani' bottle at Star Kabab Dhaka in 2024,80,BDT,Price,Borhani is the iconic spiced yogurt drink served with kacchi biryani.
Price of a 'Kacchi Biryani' single plate at Sultan's Dine in 2024,590,BDT,Price,Sultan's Dine became a massive cultural phenomenon in Dhaka post-2020.
Price of a Pizza Hut 'Pan Pizza' (Regular size) in Dhaka in 2024,850,BDT,Price,Pizza Hut entered Bangladesh in 2003 and has expanded rapidly.
Price of a Burger King 'Whopper' single burger in Dhaka in 2024,490,BDT,Price,Burger King opened its first Bangladesh outlet in 2019.
Price of a KFC 2-piece chicken combo in Dhaka in 2024,410,BDT,Price,KFC has been operating in Bangladesh since 2006.
Price of a CC (Crescent Coffee) Latte in Dhaka cafes in 2024,280,BDT,Price,Crescent Coffee is one of the popular local specialty coffee chains.
Price of a Daraz Express delivery within Dhaka city (standard) in 2024,60,BDT,Price,Same-day delivery within Dhaka costs slightly more than standard.
Price of a single 'Tehari' plate at Haji's Old Dhaka in 2024,220,BDT,Price,Haji Biryani in Old Dhaka has been operating since 1939.
Price of a Pathao bike ride from Banani to Gulshan-1 (avg 2024),60,BDT,Price,Pathao bike fares vary with traffic and time-of-day surge pricing.
Price of an Uber Premier ride from Dhanmondi to Banani (avg 2024),350,BDT,Price,Uber Premier offers sedan-class cars with professional drivers.
Cost of a single visa fee for Bangladesh on-arrival (US passport) in USD (2024),51,USD,Price,The fee covers a 30-day single-entry tourist visa.
Cost of a Biman Bangladesh economy ticket Dhaka to Sylhet (one-way 2024),4500,BDT,Price,Domestic flight prices fluctuate based on season and demand.
Cost of a US Bangla economy ticket Dhaka to Cox's Bazar (one-way 2024),5500,BDT,Price,Cox's Bazar flights peak in winter when tourism is at its highest.
Price of one US dollar in BDT (taka) in the year 2000,52,BDT,Price,The taka has steadily depreciated against the dollar over the past 25 years.
Price of one US dollar in BDT in 2024,122,BDT,Price,Bangladesh shifted to a flexible exchange rate regime in 2023.
Price of one British pound in BDT in 2024,154,BDT,Price,GBP-BDT rates fluctuate based on global currency markets.
Price of an iPhone 11 Pro 256GB at US launch in 2019,1149,USD,Price,Apple's first 'triple-camera' Pro iPhone introduced Night Mode.
Price of the original Microsoft Surface RT tablet at US launch (2012),499,USD,Price,It was Microsoft's first self-branded computing device.
Launch price of the Tesla Model S (base) in USD (2012),57400,USD,Price,The Model S helped establish Tesla as a serious automotive brand.
Launch price of the original Roku player in USD (2008),99,USD,Price,It was the first dedicated Netflix streaming device.
Launch price of the original Amazon Kindle Fire tablet in USD (2011),199,USD,Price,Amazon's tablet was one of the first major iPad competitors.
Launch price of the original DJI Phantom drone in USD (2013),679,USD,Price,It mainstreamed consumer drones with auto-stabilization.
Launch price of the GoPro HERO (original) in USD (2004),30,USD,Price,"The original was a 35mm wrist-strapped film camera, not the digital one."
Average annual in-state tuition at a US public 4-year college in 2024,11260,USD,Price,"College Board's official average; private 4-year tuition averages over $40,000."
Average monthly rent for a one-bedroom apartment in NYC (2024),4500,USD,Price,Manhattan rents hit record highs across nearly every neighborhood.
Average monthly rent for a one-bedroom apartment in San Francisco (2024),3400,USD,Price,"Despite tech layoffs, SF rent remained among the highest in the US."
"Average monthly rent for a one-bedroom apartment in Dallas, TX (2024)",1500,USD,Price,Texas has been a major destination for cost-of-living migrants.
Average price of a wedding in the US in 2024 (rounded thousand),33,thousand USD,Price,The Knot's annual wedding study tracks this benchmark every year.
Average cost of one therapy session out-of-pocket in the US (2024),150,USD,Price,"Without insurance, this is the typical session cost for a licensed therapist."
Average cost of an Uber ride 5 miles in NYC during peak hours (2024),25,USD,Price,NYC has some of the highest Uber surge pricing in the country.
Average price of a NFL Super Bowl ticket in 2024 (rounded thousand),9,thousand USD,Price,Resale tickets for Super Bowl LVIII in Las Vegas hit record highs.
Launch price of the iconic Sony Walkman in USD (1979),150,USD,Price,It launched portable music decades before the iPod.
Launch price of the original Furby in USD (1998),35,USD,Price,The interactive plush toy was a cultural phenomenon during the holiday season.
Launch price of the original Beanie Babies in USD (1993),5,USD,Price,They were collectibles that sparked a speculative bubble in the late 1990s.
Launch price of the Polaroid SX-70 instant camera in USD (1972),180,USD,Price,Edwin Land's foldable SLR became the iconic instant camera design.
Cost of a single Hot Wheels car in US stores in 2024,1,USD,Price,The diecast toy car brand was launched by Mattel in 1968.
Average cost of a YouTube TV monthly subscription in the US (2024),73,USD,Price,YouTube TV has steadily raised prices since launching at $35 in 2017.
Number of hearts a giraffe has,1,heart,Weird Facts,But it's massive — about 25 pounds — to pump blood up that long neck.
Number of chambers in a giraffe's heart,4,chambers,Weird Facts,"Same as humans, but with much thicker walls due to high blood pressure needs."
Weight of a blue whale's tongue in kilograms (rounded),2700,kg,Weird Facts,That's heavier than most cars — a single blue whale tongue weighs as much as an elephant.
Maximum number of years a koi fish can live,226,years,Weird Facts,"The oldest known koi, Hanako, lived in Japan and died in 1977 at age 226."
Number of stomachs a dolphin has,3,stomachs,Weird Facts,Each chamber handles a different part of digestion — like a mini food processor.
Length of a giraffe's tongue in centimeters (rounded),50,cm,Weird Facts,It's also blue-black to protect against sunburn while feeding for hours.
Number of pounds of waste a single cow produces per day (rounded),65,pounds,Weird Facts,Cow waste is a major source of methane emissions globally.
Maximum number of eggs a single queen termite can lay in a day,30000,eggs,Weird Facts,"A termite queen can live for 50 years, producing millions of eggs in her lifetime."
Number of years a Galapagos tortoise can live (max recorded),175,years,Weird Facts,"Harriet, brought back by Darwin in 1835, allegedly lived until 2006."
Speed of the fastest fish in the ocean in mph (sailfish),68,mph,Weird Facts,"Sailfish are the fastest fish, faster than most cars in city traffic."
Maximum recorded length of a giant squid tentacle in feet,33,feet,Weird Facts,Their eyes are also the largest of any animal — bigger than basketballs.
Length of all the blood vessels in an adult human body in miles,60000,miles,Weird Facts,"End to end, your blood vessels could wrap around Earth twice."
Number of cells the average human body sheds per day (millions),50000,thousand,Weird Facts,Most of household dust is actually dead human skin cells.
Average number of times a person blinks per day,28800,times,Weird Facts,"That's about 20 blinks per minute, adding up to over 28,000 in a waking day."
Length of food the average human eats over a lifetime (tons),30,tons,Weird Facts,That's the weight of 6 elephants — consumed across an 80-year lifespan.
Number of taste buds in the average human mouth (including non-tongue),10000,taste buds,Weird Facts,"Taste buds exist on the cheeks, roof of mouth, and even the throat."
Maximum decibel level of a human scream ever recorded,129,decibels,Weird Facts,Jill Drake's 2000 record-breaking scream was louder than a jet engine at takeoff.
Average number of dreams a person has per night (REM cycles),4,dreams,Weird Facts,Most are forgotten within 5 minutes of waking up.
Maximum recorded surface temperature on Earth in Fahrenheit,134,degrees F,Weird Facts,"Recorded in Death Valley, California, on July 10, 1913."
Number of countries the Sahara Desert covers,11,countries,Weird Facts,It's the largest hot desert in the world and still growing southward.
Depth of the Mariana Trench in feet (rounded),36070,feet,Weird Facts,It's deeper than Mount Everest is tall — by more than a kilometer.
Number of countries where Spanish is an official language,21,countries,Weird Facts,It's the second-most spoken native language after Mandarin Chinese.
Maximum wind speed ever recorded in a tornado in mph,318,mph,Weird Facts,Recorded by Doppler radar during the 1999 Oklahoma F5 tornado.
Number of pyramids ever built in ancient Egypt (approximate),138,pyramids,Weird Facts,"Most are now in ruins, with only a fraction surviving as recognizable structures."
Number of years it took to build the Great Wall of China (total estimate),2000,years,Weird Facts,Construction spanned multiple dynasties starting in the 7th century BC.
Maximum number of pieces in the world's largest jigsaw puzzle ever made,60000,pieces,Weird Facts,"Officially released by Kodak in 2020, it took months to assemble."
"Maximum recorded length of human hair in feet (Xie Qiuping, 2004)",18,feet,Weird Facts,Xie Qiuping had not cut her hair since 1973 when the record was set.
"Maximum recorded length of fingernails ever (Lee Redmond, 2008)",28,feet,Weird Facts,Her combined nail length set the Guinness World Record before being lost in a car accident.
Number of dimples on a standard golf ball,336,dimples,Weird Facts,Dimples reduce air drag and let the ball travel much farther.
Number of cards in a standard tarot deck,78,cards,Weird Facts,Tarot includes 22 Major Arcana and 56 Minor Arcana cards.
Number of pieces in a standard chess game per side,16,pieces,Weird Facts,"Each side starts with 8 pawns, 2 rooks, 2 knights, 2 bishops, 1 queen, 1 king."
Maximum number of squares on a Rubik's Cube of one color,9,squares,Weird Facts,Each face has 9 squares; the cube has 6 faces of 6 different colors.
"Maximum age of the oldest tree species (bristlecone pine, in years)",5000,years,Weird Facts,Methuselah in California is one of the oldest known individual trees.
Height of the tallest tree in the world in feet (Hyperion redwood),380,feet,Weird Facts,"It's taller than the Statue of Liberty, growing in Redwood National Park."
Maximum recorded age of a giant sequoia tree,3500,years,Weird Facts,Some redwoods alive today were saplings before the Roman Empire fell.
Number of bananas the average American eats per year (2024),27,bananas,Weird Facts,Bananas are the most consumed fresh fruit in the United States.
Maximum length of a bamboo plant grown in a single day in cm,91,cm,Weird Facts,Bamboo is the fastest-growing plant on Earth — some species grow 3 feet per day.
Maximum number of moons orbiting Saturn (confirmed as of 2024),146,moons,Weird Facts,Saturn overtook Jupiter for the most moons after 62 new ones were discovered in 2023.
Number of moons of Jupiter (confirmed as of 2024),95,moons,Weird Facts,Jupiter has the most massive moons but Saturn now has the most by count.
Average distance from Earth to Mars in millions of km (closest),54,million km,Weird Facts,The distance varies dramatically — Mars can be up to 400 million km away.
Number of stars in the Milky Way galaxy in billions (estimate),200,billion,Weird Facts,Astronomers estimate between 100 and 400 billion stars in our galaxy.
Maximum age of the universe in billions of years,14,billion,Weird Facts,The currently accepted age of the universe is approximately 13.8 billion years.
Number of grooves on the edge of a US quarter,119,grooves,Weird Facts,Originally added to prevent shaving precious metal off coin edges.
Number of holes in a standard 5-hole Polo mint,1,hole,Weird Facts,Trick question — there's just one hole per mint. The phrase is a marketing line.
Number of Olympic rings on the official flag,5,rings,Weird Facts,The rings represent the five participating continents of the Olympic movement.
Number of pips on a standard pair of dice combined,42,pips,Weird Facts,"Each die has 21 pips, so a pair has 42 total dots."
Number of Crayola crayon colors in the original 1903 box,8,colors,Weird Facts,"The original eight: red, orange, yellow, green, blue, purple, black, brown."
Number of Crayola crayon colors in the largest standard box (2024),152,colors,Weird Facts,"Crayola has retired some colors over the years, including 'Indian Red' in 1999."
Number of films in Phase 1 of the Marvel Cinematic Universe,6,films,Global,Phase 1 culminated with The Avengers (2012).
Number of films in Phase 4 of the Marvel Cinematic Universe,7,films,Global,"Phase 4 included Eternals, Black Widow, and Doctor Strange in the Multiverse of Madness."
Worldwide box office of Avengers: Endgame in billions USD (rounded),2,billion USD,Global,It briefly held the all-time box office record before Avatar's 2021 re-release.
Year the first Iron Man movie launched the MCU,2008,year,Global,Robert Downey Jr.'s casting transformed both his career and superhero cinema.
Number of Infinity Stones in the MCU storyline,6,stones,Global,"Mind, Soul, Space, Power, Time, and Reality stones."
Number of films in the Star Wars main 'Skywalker Saga',9,films,Global,The saga spans three trilogies from 1977 to 2019.
Year the original Star Wars film was released,1977,year,Global,"Originally titled simply 'Star Wars', later renamed 'A New Hope'."
Number of canonical Jedi councils shown in the prequel trilogy,1,council,Global,The Jedi High Council oversees the Order from the Coruscant temple.
Number of seasons of HBO's Game of Thrones,8,seasons,Global,It ran from 2011 to 2019 and remains one of the most-watched dramas ever.
Number of episodes in Breaking Bad (total),62,episodes,Global,The show ran for 5 seasons from 2008 to 2013.
Number of episodes in Friends (total),236,episodes,Global,The sitcom ran for 10 seasons from 1994 to 2004 on NBC.
Number of seasons of The Office (US),9,seasons,Global,It originally aired on NBC from 2005 to 2013.
Year Netflix's 'Stranger Things' first premiered,2016,year,Global,The Duffer Brothers' nostalgic sci-fi series became a cultural phenomenon.
Number of seasons of HBO's The Wire,5,seasons,Global,Each season focused on a different Baltimore institution.
Year the first Harry Potter film was released,2001,year,Global,Harry Potter and the Philosopher's Stone launched the eight-film series.
Total number of films in the Harry Potter main series,8,films,Global,The seventh book was split into two films for the final installment.
Total number of Harry Potter books in the main series,7,books,Global,Written by J.K. Rowling between 1997 and 2007.
Worldwide box office gross of Avatar (original) in billions USD (rounded),3,billion USD,Global,"Including re-releases, Avatar (2009) remains the highest-grossing film of all time."
Year Squid Game first premiered on Netflix,2021,year,Global,It became Netflix's most-watched series within weeks of launch.
Number of contestants in the original Squid Game (Season 1),456,contestants,Global,"Player 456, played by Lee Jung-jae, becomes the eventual winner."
Year Minecraft was first released to the public,2011,year,Global,Minecraft became the best-selling video game of all time.
"Number of copies of Minecraft sold worldwide (millions, as of 2023)",300,million,Global,Microsoft acquired Mojang and Minecraft for $2.5 billion in 2014.
Year the first Pokemon games (Red & Blue) launched in the US,1998,year,Global,The games launched in Japan in 1996 as Red and Green.
Number of original Pokemon in Generation 1 (Kanto),151,Pokemon,Global,The original 151 Pokemon ranged from Bulbasaur to Mew.
"Number of Grand Theft Auto V copies sold worldwide (millions, 2024)",200,million,Global,GTA V is the most profitable entertainment product of all time.
Year Fortnite Battle Royale was released to the public,2017,year,Global,Epic Games' battle royale became a global cultural phenomenon.
Number of players in a single Fortnite Battle Royale match,100,players,Global,The standard mode drops 100 players onto an island with shrinking storm boundaries.
Year MTV first launched in the US,1981,year,Global,The first music video aired was 'Video Killed the Radio Star' by The Buggles.
Number of studio albums released by The Beatles,13,albums,Global,From Please Please Me (1963) to Let It Be (1970).
Year Spotify was founded in Sweden,2006,year,Global,It launched publicly in 2008 and is now the world's largest music streaming service.
Number of times Taylor Swift has won Album of the Year at the Grammys,4,times,Global,She is the only artist in history to win Album of the Year four times.
Year BTS officially debuted as a K-pop group,2013,year,Global,The group debuted with single album '2 Cool 4 Skool' under Big Hit Entertainment.
Number of members in K-pop group BTS,7,members,Global,"RM, Jin, Suga, J-Hope, Jimin, V, and Jungkook."
Year Beyonce's debut solo album 'Dangerously in Love' was released,2003,year,Global,It launched her solo career while still part of Destiny's Child.
Number of Grammy Awards won by Beyonce (as of 2024),32,Grammys,Global,She has won more Grammys than any other artist in history.
Year Facebook was founded by Mark Zuckerberg,2004,year,Global,It started at Harvard before expanding to other universities.
Year YouTube was founded,2005,year,Global,It was acquired by Google for $1.65 billion in 2006.
Year Instagram was launched,2010,year,Global,It was acquired by Facebook for $1 billion in 2012.
Year TikTok was launched internationally (formerly Musical.ly),2018,year,Global,ByteDance merged Musical.ly into TikTok in August 2018.
Year ChatGPT was released to the public by OpenAI,2022,year,Global,"It became the fastest-growing consumer app, hitting 100M users in 2 months."
Year Twitter was founded,2006,year,Global,It was renamed 'X' after Elon Musk's 2022 acquisition.
Cost of Elon Musk's Twitter acquisition in billions USD (rounded) (2024),44,billion USD,Global,The deal closed in October 2022 after months of legal battles.
Year Tesla was founded (as Tesla Motors),2003,year,Global,Founded by Martin Eberhard and Marc Tarpenning; Musk joined as chairman in 2004.
Year Neil Armstrong walked on the Moon,1969,year,Global,"Apollo 11 landed on July 20, 1969."
Year the International Space Station was first launched,1998,year,Global,"The first module, Zarya, launched in November 1998."
Year SpaceX was founded by Elon Musk,2002,year,Global,Its goal is to eventually enable human colonization of Mars.
Year SpaceX's first successful orbital launch (Falcon 1),2008,year,Global,"After three failures, the fourth Falcon 1 launch finally reached orbit."
Number of astronauts who have walked on the Moon,12,astronauts,Global,"All American, all between 1969 and 1972 during the Apollo program."
Year the Hubble Space Telescope launched,1990,year,Global,It has been continuously upgraded by Space Shuttle servicing missions.
Year the James Webb Space Telescope launched,2021,year,Global,"It was launched on Christmas Day, December 25, 2021."
Number of countries that participated in the 2024 Paris Olympics,206,countries,Global,The Refugee Olympic Team also competed as a separate delegation.
Year the Olympic Games were first held in ancient Greece,776,BC,Global,"Held at Olympia, the ancient Olympics ran for nearly 12 centuries."
Year the modern Olympic Games were revived in Athens,1896,year,Global,Pierre de Coubertin spearheaded the modern Olympic movement.
Number of countries in the European Union as of 2024,27,countries,Global,Down from 28 after Brexit took effect in 2020.
Year the Berlin Wall fell,1989,year,Global,It marked the symbolic end of the Cold War and German division.
Year the Euro currency was officially introduced for cash use,2002,year,Global,"Euro banknotes and coins began circulating on January 1, 2002."
Highest team total ever scored in a Test cricket innings,952,runs,Sports,Sri Lanka scored 952/6 declared against India in 1997 at Colombo.
Highest individual score in an ODI cricket innings,264,runs,Sports,Rohit Sharma scored 264 against Sri Lanka in 2014.
Highest individual Test cricket score by any player,400,runs,Sports,Brian Lara scored 400 not out against England in 2004 in Antigua.
Most runs scored in international cricket career (all formats),34357,runs,Sports,"Sachin Tendulkar holds this record across Test, ODI and T20I formats."
Most wickets taken in ODI cricket career,534,wickets,Sports,Sri Lanka's Muttiah Muralitharan holds this ODI bowling record.
Highest ICC ranking points ever achieved by a Test batsman (2024),961,points,Sports,Don Bradman's 1948 rating remains the all-time highest in ICC rankings.
Most Test centuries scored by Sachin Tendulkar,51,centuries,Sports,He scored 51 Test centuries and 49 ODI centuries for a total of 100.
Year the IPL (Indian Premier League) cricket was launched,2008,year,Sports,The IPL revolutionized cricket with franchise-based T20 leagues.
Highest team total ever scored in an IPL match,287,runs,Sports,Sunrisers Hyderabad scored 287/3 against Royal Challengers Bengaluru in 2024.
Number of teams in the 2024 ICC T20 World Cup,20,teams,Sports,"It was the largest T20 World Cup ever held, co-hosted by USA and West Indies."
Year the first T20 International cricket match was played,2005,year,Sports,"Australia vs New Zealand at Eden Park, Auckland."
Highest score chased successfully in Test cricket history,418,runs,Sports,West Indies chased 418 against Australia in 2003 in Antigua.
Number of balls Sachin Tendulkar faced for his record 200* in ODI,147,balls,Sports,He became the first male player to score a double century in an ODI in 2010.
Year Bangladesh whitewashed Pakistan 3-0 in an ODI series,2015,year,Sports,It was a historic series win at home for Bangladesh.
Number of times India has won the Cricket World Cup,2,titles,Sports,India won in 1983 under Kapil Dev and 2011 under MS Dhoni.
Number of times Pakistan has won the Cricket World Cup,1,title,Sports,Pakistan won in 1992 under Imran Khan's captaincy.
"Most goals scored by Lionel Messi in his career (club + country, 2024)",838,goals,Sports,Messi continues to score for Inter Miami and Argentina.
"Most goals scored by Cristiano Ronaldo in his career (club + country, 2024)",893,goals,Sports,Ronaldo broke the all-time record while playing for Al Nassr in Saudi Arabia.
Year Lionel Messi won his first FIFA World Cup,2022,year,Sports,He led Argentina to victory in Qatar.
Number of Ballon d'Or awards won by Lionel Messi,8,awards,Sports,He holds the record for most Ballon d'Or wins in history.
Number of Ballon d'Or awards won by Cristiano Ronaldo,5,awards,Sports,His latest came in 2017 while playing for Real Madrid.
Year FIFA was officially founded,1904,year,Sports,It was founded in Paris by seven European football associations.
Number of FIFA World Cups won by Brazil (most of any nation),5,titles,Sports,"Brazil won in 1958, 1962, 1970, 1994, and 2002."
Number of FIFA World Cups won by Germany,4,titles,Sports,"Germany won in 1954, 1974, 1990, and 2014."
Year Pele won his first FIFA World Cup,1958,year,Sports,He was just 17 years old when Brazil won in Sweden.
Year Diego Maradona's 'Hand of God' goal against England occurred,1986,year,Sports,He scored both that goal and the 'Goal of the Century' in the same match.
Number of UEFA Champions League titles won by Lionel Messi,4,titles,Sports,All four were won with FC Barcelona between 2006 and 2015.
Number of Premier League titles won by Manchester United (record),13,titles,Sports,Most titles were won under Sir Alex Ferguson between 1992 and 2013.
Year the first FIFA Women's World Cup was held,1991,year,Sports,"Held in China, the United States won the inaugural tournament."
Number of FIFA Women's World Cups won by the USA,4,titles,Sports,The USA has won more Women's World Cups than any other country.
Year Inter Miami signed Lionel Messi,2023,year,Sports,His move to MLS dramatically boosted American interest in soccer.
Number of goals Cristiano Ronaldo scored at the 2018 World Cup,4,goals,Sports,He scored a hat-trick against Spain in the group stage opener.
Seating capacity of Wembley Stadium in London,90000,seats,Sports,Wembley is the second-largest stadium in Europe after Camp Nou.
Seating capacity of the Maracana stadium in Rio de Janeiro (current) (2024),78838,seats,Sports,"Originally built for 200,000 fans in 1950, it was reduced after renovations."
Seating capacity of the Narendra Modi Stadium in India (largest cricket stadium),132000,seats,Sports,"It is the largest cricket stadium in the world, located in Ahmedabad."
Seating capacity of Old Trafford in Manchester,74310,seats,Sports,"Known as the 'Theatre of Dreams', it is Manchester United's home ground."
Seating capacity of the MCG (Melbourne Cricket Ground),100024,seats,Sports,The MCG is the largest cricket stadium in Australia and 11th largest sports stadium in the world.
Number of teams that participated in the 2022 FIFA World Cup,32,teams,Sports,The format expands to 48 teams starting in 2026.
Number of teams that will participate in the 2026 FIFA World Cup,48,teams,Sports,"It's the first World Cup co-hosted by three countries: USA, Mexico, and Canada."
Number of teams in the UEFA Champions League group stage (until 2023),32,teams,Sports,"From 2024, the format changed to a 36-team league phase."
Number of teams in the UEFA Champions League league phase (2024 onwards),36,teams,Sports,The new format replaces the group stage with a single league table.
Year the African Cup of Nations was first held,1957,year,Sports,Only three teams participated in the inaugural edition in Sudan.
Year Copa America was first held (oldest international football tournament),1916,year,Sports,It pre-dates the FIFA World Cup by 14 years.
Year Bangladesh became a full ICC member with Test status,2000,year,Sports,Bangladesh became the 10th Test-playing nation that year.
Year Ahsan Manzil (the Pink Palace) was built in Old Dhaka,1872,year,Desh,It was the official residence of the Nawab of Dhaka.
Year the historic Star Mosque (Tara Masjid) was renovated with star motifs,1926,year,Desh,Mirza Ghulam Pir originally built the mosque in the 19th century.
Year the Curzon Hall of Dhaka University was originally built,1904,year,Desh,Lord Curzon laid its foundation as a town hall during British rule.
Year the University of Dhaka was officially established,1921,year,Desh,It was once known as the 'Oxford of the East' during British rule.
Year Bangabandhu Sheikh Mujibur Rahman gave his historic March 7 speech,1971,year,Desh,The speech at Suhrawardy Udyan is on UNESCO's Memory of the World Register.
Year UNESCO included Bangabandhu's March 7 speech in its Memory of the World Register,2017,year,Desh,The speech is one of the most important political speeches of the 20th century.
Year construction of the Bangabandhu Bridge over Jamuna river began,1994,year,Desh,It was the first bridge over the Jamuna river when it opened in 1998.
Length of the Bangabandhu (Jamuna) Bridge in meters,4800,meters,Desh,It was the 12th longest bridge in the world when completed in 1998.
Length of the Padma river within Bangladesh in km,120,km,Desh,It is the main distributary of the Ganges as it flows through Bangladesh.
Length of the Meghna river in km (total),264,km,Desh,It is one of the major rivers forming the Bangladesh delta.
Number of major rivers in Bangladesh (officially recognized),405,rivers,Desh,The Bangladesh Water Development Board recognizes 405 rivers as 'major'.
"Year Cyclone Bhola struck East Pakistan (Bangladesh) killing 300,000+",1970,year,Desh,It is considered the deadliest tropical cyclone in recorded history.
Year Cyclone Sidr struck Bangladesh,2007,year,Desh,It was one of the strongest cyclones to hit Bangladesh in decades.
Year Bangladesh became the world's second largest garment exporter,2010,year,Desh,Bangladesh overtook countries like Vietnam and Turkey in RMG exports.
Percent of Bangladesh's total exports that come from RMG (garments),84,percent,Desh,"Garments dominate Bangladesh's export economy, with the rest from leather, jute, and seafood."
Year the Bangladesh Bank cyber heist took place (Federal Reserve hack),2016,year,Desh,Hackers stole $81 million from the Bangladesh Bank's account at the NY Fed.
Height of the Liberation War Memorial Tower at Suhrawardy Udyan in feet,150,feet,Desh,The Shikha Chironton (Eternal Flame) burns there in honor of the martyrs.
Number of pillars holding up the iconic Shikha Chironton at Suhrawardy Udyan,7,pillars,Desh,The seven pillars symbolize the seven Bir Sreshtho gallantry award recipients.
Year construction of the National Martyrs' Memorial at Savar was completed,1982,year,Desh,"Designed by Syed Mainul Hossain, who was just 25 when he won the design contest."
Year the National Botanical Garden at Mirpur was established,1961,year,Desh,It is the largest plant conservation center in Bangladesh.
Year the Dhaka Zoo officially opened to the public at Mirpur,1974,year,Desh,It is officially named the Bangladesh National Zoo.
Highest individual T20I score by a Bangladeshi cricketer,103,runs,Desh,Tamim Iqbal scored 103* against Oman in 2016.
Year Shakib Al Hasan became the world's #1 ranked ODI all-rounder,2009,year,Desh,He held the top spot in all three formats at various points in his career.
Year Bangladesh hosted the ICC Cricket World Cup (jointly),2011,year,Desh,They co-hosted with India and Sri Lanka.
Cost of a 1kg packet of Marks Full Cream Milk Powder in BD (2024),870,BDT,Price,Marks is a popular powdered milk brand in Bangladesh.
Price of a 250g packet of Pran Mr. Cookie biscuits in BD (2024),60,BDT,Price,Pran is one of the largest food brands in Bangladesh.
Price of a single Igloo ice cream cone (Chocobar) in BD (2024),30,BDT,Price,Igloo is owned by Abdul Monem Limited and is a household name.
Cost of 1 dozen Cox's Bazar 'Loitta' fish dried (small) in BD (2024),600,BDT,Price,Loitta shutki (Bombay duck) is a Bengali delicacy.
Cost of a single 'Rosogolla' at a Dhaka sweet shop (2024),25,BDT,Price,Rosogolla is one of the most popular Bengali sweets.
Price of an electric rickshaw battery replacement set in BD (2024),25000,BDT,Price,Battery costs are the biggest recurring expense for e-rickshaw owners.
Annual SIM tax for a postpaid mobile in BD (2024),300,BDT,Price,The SIM replacement tax was introduced by the National Board of Revenue.
Average price of 1 ton of A1 jute fiber in BD in 2024 (rounded thousand),80,thousand BDT,Price,Jute prices fluctuate based on global demand for natural fibers.
"Cost of a 1-year passport (regular delivery, 48 pages) in BD (2024)",5750,BDT,Price,MRP and e-passports have replaced older paper passports.
"Cost of an e-passport (10-year, regular delivery) in BD (2024)",8050,BDT,Price,Bangladesh introduced e-passports in 2020.
Driving license fee for a non-professional license in BD (2024),4152,BDT,Price,The BRTA fee includes both learner's permit and full license issuance.
Average cost of a US passport book renewal in USD (2024),130,USD,Price,Adult passport renewals cost less than first-time applications.
Average cost of a one-way Amtrak ticket NYC to DC (2024),80,USD,Price,Amtrak's Acela Express is the premium high-speed service on this route.
Average price of a NYC yellow cab ride 3 miles (2024),18,USD,Price,Yellow cabs have largely been replaced by ride-share apps in NYC.
Cost of a 5lb bag of Costco rotisserie chicken meat (2024),5,USD,Price,Costco famously keeps the rotisserie chicken at $4.99 despite inflation.
Launch price of the iPad Pro 11-inch (2024 M4 model),999,USD,Price,Apple launched the M4 chip first in the iPad Pro before any Mac.
Launch price of the original iPad Mini in 2012,329,USD,Price,It was the first smaller iPad after the original 9.7-inch model.
Launch price of the Microsoft HoloLens (developer edition) in USD (2024),3000,USD,Price,Microsoft's mixed reality headset launched as developer-only in 2016.
Launch price of the Nintendo Wii in USD (2006),249,USD,Price,The motion-controlled console outsold both the PS3 and Xbox 360 worldwide.
Launch price of the original PlayStation 3 (60GB model) in USD (2006),599,USD,Price,The high price became a major criticism at launch.
Launch price of the iPhone 4 in USD on contract (2010),199,USD,Price,The contract-based pricing for smartphones was standard at the time.
Launch price of the Microsoft Zune 30GB in USD (2006),249,USD,Price,Microsoft's iPod competitor was discontinued in 2011.
Launch price of the original Samsung Galaxy S in USD (2010),199,USD,Price,It launched the Galaxy series that would become Android's flagship line.
Maximum recorded height of a tsunami wave in feet (1958 Lituya Bay),1720,feet,Weird Facts,The Alaska megatsunami remains the tallest wave ever measured.
Maximum number of times the human heart beats per day,100000,times,Weird Facts,"A heart pumps about 2,000 gallons of blood every single day."
Number of countries Coca-Cola is officially sold in,200,countries,Weird Facts,Coca-Cola is sold in more countries than there are UN members.
Year the QWERTY keyboard layout was invented,1873,year,Weird Facts,Christopher Sholes designed it to slow down typists and prevent typewriter jams.
Maximum recorded age of a domestic cat (Creme Puff),38,years,Weird Facts,"Creme Puff of Austin, Texas lived from 1967 to 2005."
Maximum recorded age of a domestic dog (Bobi),31,years,Weird Facts,"Bobi, a Portuguese Rafeiro do Alentejo, died in 2023."
"Number of legs a centipede actually has (varies by species, max recorded)",750,legs,Weird Facts,"Despite the name 'centi-pede', no species has exactly 100 legs."
Number of bones in a snake's body (average),400,bones,Weird Facts,Most of these are vertebrae and connected ribs along the entire body.
Maximum speed of a sneeze in mph (commonly cited),100,mph,Weird Facts,More recent studies suggest the real speed is closer to 10 mph.
Maximum number of bubbles in a 1 liter bottle of Champagne (avg),50000000,bubbles,Weird Facts,Around 50 million bubbles will rise from a bottle of champagne.
Maximum recorded human pregnancy duration in days,375,days,Weird Facts,"The longest verified pregnancy was 375 days, recorded in 1945."
Year the first selfie was ever taken (Robert Cornelius),1839,year,Weird Facts,Cornelius took a self-portrait daguerreotype outside his family's store in Philadelphia.
Year the first email was ever sent,1971,year,Weird Facts,Ray Tomlinson sent the first email between computers on ARPANET.
Number of people Genghis Khan is genetically the ancestor of (millions),16,million,Weird Facts,About 1 in 200 men alive today carry Genghis Khan's Y-chromosome lineage.
Year Google was founded by Larry Page and Sergey Brin,1998,year,Weird Facts,It started as a Stanford research project called 'BackRub'.
Number of cells in the average adult human body (trillions),37,trillion,Weird Facts,"The exact count varies, but ~37 trillion is the most cited scientific estimate."
"Year the first ATM was installed (Barclays Bank, London)",1967,year,Weird Facts,John Shepherd-Barron is credited with the invention.
Year the first commercial cell phone (Motorola DynaTAC) launched,1983,year,Weird Facts,"It cost nearly $4,000 and was nicknamed 'The Brick'."
Year the first mass-market mobile text message (SMS) was sent,1992,year,Weird Facts,The message simply said 'Merry Christmas' from Neil Papworth to Richard Jarvis.
Number of people who can dance the same TikTok choreography simultaneously (record),5000,people,Weird Facts,The largest TikTok dance flash mob was held in Manila in 2022.
Year Disney+ launched in the US,2019,year,Global,It launched in November 2019 with The Mandalorian as its flagship original.
Year Spotify launched in the US,2011,year,Global,It had been available in Europe for three years before US expansion.
Number of subscribers Netflix had at the end of 2023 (millions),260,million,Global,Netflix's password-sharing crackdown drove major subscriber growth in 2023.
Year Pokemon Go was first released globally,2016,year,Global,It became one of the most downloaded mobile apps within weeks.
Year the first iPhone was released,2007,year,Global,Steve Jobs unveiled it at Macworld in January 2007.
Year ChatGPT crossed 100 million users (in months from launch),2,months,Global,It was the fastest-growing consumer app in history at that point.
Number of countries that border China,14,countries,Global,China shares borders with more countries than any other nation (tied with Russia).
Number of official languages recognized in South Africa,12,languages,Global,South African Sign Language became the 12th official language in 2023.
Number of countries the Nile river passes through,11,countries,Global,It flows through 11 African countries before reaching the Mediterranean.
Year the country of South Sudan officially became independent,2011,year,Global,It is the world's newest sovereign country.
Year Princess Diana died in Paris,1997,year,Global,She died in a car crash in the Pont de l'Alma tunnel.
Year the September 11 attacks took place,2001,year,Global,"The attacks killed nearly 3,000 people in the United States."
Year Barack Obama was first elected as US President,2008,year,Global,He became the first African-American to hold the office.
Year COVID-19 was declared a global pandemic by WHO,2020,year,Global,"WHO made the declaration on March 11, 2020."
Year Queen Elizabeth II passed away,2022,year,Global,She was the longest-reigning monarch in British history.
Number of pages in J.R.R. Tolkien's Lord of the Rings trilogy (combined),1216,pages,Global,The trilogy was originally written as one novel before being split for publication.
Year Harper Lee published 'To Kill a Mockingbird',1960,year,Global,It won the Pulitzer Prize the following year.
Year George Orwell published the novel '1984',1949,year,Global,The book was actually written in 1948 — Orwell just reversed the digits.
Year MS Dhoni became captain of the Indian cricket team in all formats,2008,year,Sports,He led India to multiple ICC trophies including the 2011 World Cup.
Year Virat Kohli scored his first international century,2009,year,Sports,It came in just his 14th ODI innings against Sri Lanka.
Total ODI centuries scored by Virat Kohli (as of 2024),50,centuries,Sports,He surpassed Sachin Tendulkar's 49 ODI centuries during the 2023 World Cup.
Year the legendary 'Tied Test' between Australia and West Indies occurred,1960,year,Sports,It was the first tied Test in cricket history.
Year Shahid Afridi scored his then-fastest ODI century (37 balls),1996,year,Sports,His debut bat at age 16 against Sri Lanka took 37 balls.
Year FIFA was officially recognized to oversee international football,1904,year,Sports,It was founded in Paris by representatives of 7 European nations.
Year the Liverpool 'Miracle of Istanbul' Champions League final took place,2005,year,Sports,Liverpool came back from 3-0 down at halftime to beat AC Milan on penalties.
Year Greece won the UEFA European Championship,2004,year,Sports,One of the biggest upsets in football tournament history.
Year Leicester City won the English Premier League title,2016,year,Sports,"Pre-season odds for Leicester to win were 5,000-to-1."
Year Italy won the FIFA World Cup most recently,2006,year,Sports,The final against France is remembered for Zidane's headbutt.
Year France won the FIFA World Cup for the first time,1998,year,Sports,"They beat Brazil 3-0 in the final, with Zidane scoring twice."
Year Mashrafe Mortaza made his international debut for Bangladesh,2001,year,Sports,He is considered one of the most successful captains in BD cricket history.
Year Bangladesh first qualified for the Asia Cup final,2012,year,Sports,They lost the final to Pakistan by just 2 runs in Mirpur.
Highest partnership in ODI cricket history (runs),372,runs,Sports,Set by Marlon Samuels and Chris Gayle for the West Indies in 2015.
Most sixes hit in an international cricket career (any format combined),553,sixes,Sports,"Chris Gayle holds this record across Test, ODI and T20I formats."
Average price of a used Toyota Corolla 2013 model in Bangladesh as of 2026 (lakh BDT),13,lakh BDT,Price,A 13-year-old Corolla in Bangladesh still costs more than a brand-new one in the US — thanks to import duties.
Average price of a used Toyota Allion 2015 model in Bangladesh as of 2026 (lakh BDT),22,lakh BDT,Price,"The Allion is the upgraded sibling of the Corolla, popular among middle-class Dhaka families."
Average price of a used Honda CR-V 2018 model in Bangladesh as of 2026 (lakh BDT),45,lakh BDT,Price,Used SUVs hold their value remarkably well in the BD market due to high import taxes.
Average price of a used Toyota Premio 2014 model in Bangladesh as of 2026 (lakh BDT),18,lakh BDT,Price,The Premio is the unofficial sedan of Bangladeshi government officials and well-off uncles.
Average price of a used Toyota Land Cruiser Prado 2016 in Bangladesh as of 2026 (lakh BDT),95,lakh BDT,Price,Owning a Prado in Bangladesh is a flex; importing one costs nearly as much as a 3-bedroom flat in Mirpur.
Average price of a used Toyota Axio 2017 model in Bangladesh as of 2026 (lakh BDT),17,lakh BDT,Price,The Axio is the entry-level sedan dream for first-time car buyers.
Average price of a brand-new Toyota Yaris (base) in Bangladesh as of 2026 (lakh BDT),38,lakh BDT,Price,Bangladesh has one of the highest car import duties in the world — over 200 percent on some models.
Average price of a used Suzuki Swift 2016 model in Bangladesh as of 2026 (lakh BDT),11,lakh BDT,Price,The Swift is one of the few entry-level imported cars affordable for new buyers.
Average price of a used Toyota Aqua hybrid 2015 in Bangladesh as of 2026 (lakh BDT),13,lakh BDT,Price,Hybrids became massively popular in BD after fuel prices doubled in 2022.
Average price of a used Mitsubishi Pajero 2015 in Bangladesh as of 2026 (lakh BDT),55,lakh BDT,Price,The Pajero is the rugged uncle of Bangladeshi SUVs — beloved for highway trips to Sylhet.
Average price of a used Honda Vezel 2017 model in Bangladesh as of 2026 (lakh BDT),27,lakh BDT,Price,The Vezel became a status symbol for young professionals in Dhaka post-2020.
Average price of a used Toyota Harrier 2018 model in Bangladesh as of 2026 (lakh BDT),70,lakh BDT,Price,The Harrier is the luxury SUV that says 'I made it' in Dhaka.
"Cost of registering a new private car in Bangladesh BRTA (under 1500cc, thousand BDT) (2024)",53,thousand BDT,Price,"Registration fees include road tax, fitness fee, and number plate cost."
Cost of a CNG conversion kit installation in Dhaka as of 2026 (thousand BDT),90,thousand BDT,Price,Many car owners convert to CNG to save on rising fuel costs.
Price of a 'shingara' at most Dhaka tea stalls in 2026 (BDT),10,BDT,Price,Shingara prices doubled from 5 BDT to 10 BDT during inflation in 2023.
Price of a 'cha' (regular milk tea) at a Dhaka tea stall in 2026 (BDT),15,BDT,Price,The 'cha shop adda' culture is sacred in Bangladeshi street life.
Price of a 'special cha' at TSC (Dhaka University) tea stalls in 2024 (BDT),25,BDT,Price,Special cha at TSC is part of Dhaka University folklore for generations of students.
Price of a 1kg whole Hilsa fish (1kg+ size) at peak season in Dhaka 2024 (BDT),1800,BDT,Price,Hilsa is so expensive it's often gifted instead of bought for personal use.
Price of 1 kg Premium Bashmati Aarong Rice in Dhaka as of 2024 (BDT),220,BDT,Price,Aarong rice is the premium brand under BRAC's umbrella.
"Price of 1 box (200 sticks) of Habiba mosquito coil in Dhaka (2024, BDT)",80,BDT,Price,Mosquito coils are a household essential during dengue season.
Average monthly electricity bill for a 3-bedroom Dhaka apartment 2024 (BDT),4500,BDT,Price,Bills have spiked since the 2022 fuel crisis and tariff hikes.
Price of 1 month of Robi 4G '15 GB' mobile data pack in 2024 (BDT),198,BDT,Price,Mobile data prices have risen but Bangladesh still has cheap data compared to most countries.
Price of an Eid 'shemai' premium gift box at Cooper's Dhaka 2024 (BDT),850,BDT,Price,Cooper's is the iconic premium bakery brand in Dhaka.
"Cost of a private MBBS admission seat at top BD private medical colleges (lakh BDT, 2024)",30,lakh BDT,Price,Medical college admission fees are among the highest education costs in Bangladesh.
Tuition cost per semester at North South University (NSU) Dhaka as of 2024 (thousand BDT),120,thousand BDT,Price,NSU is the most prestigious private university in Bangladesh.
Tuition cost per semester at BRAC University Dhaka as of 2024 (thousand BDT),110,thousand BDT,Price,BRAC University offers premium private education in liberal arts and STEM.
Cost of one piece of 'beguni' (eggplant fritter) during Iftar in Dhaka 2024 (BDT),10,BDT,Price,Beguni is an essential item on every Bengali iftar plate during Ramadan.
Price of a typical Iftar box at Star Kabab during Ramadan 2024 (BDT),350,BDT,Price,Star Kabab Iftar boxes are a Ramadan tradition in Dhaka.
Cost of a wedding 'rongin photo album' (premium) in Dhaka 2024 (thousand BDT),35,thousand BDT,Price,Wedding photography has become a major industry in Bangladesh.
Cost of a basic Holud (Gaye Holud) decoration package in Dhaka 2024 (thousand BDT),50,thousand BDT,Price,BD wedding events have inflated dramatically — sometimes the holud costs more than the wedding itself.
"Cost of a single haircut at a premium Dhaka salon (e.g., Persona) in 2024 (BDT)",1200,BDT,Price,Persona is one of the most popular premium beauty chains in Bangladesh.
Cost of a basic Persona Spa facial for women in Dhaka 2024 (BDT),2500,BDT,Price,Persona's premium services attract upper-middle-class urban women.
Cost of a 1-hour massage at a Dhaka 5-star hotel spa 2024 (thousand BDT),6,thousand BDT,Price,Five-star hotel spas in Dhaka have prices similar to mid-range US spas.
Cost of a 12-month gym membership at Goldengate Fitness Dhaka 2024 (thousand BDT),35,thousand BDT,Price,Premium gym chains have proliferated in Dhaka since 2020.
Cost of a single visit to a top general physician in Dhaka 2024 (BDT),1500,BDT,Price,Doctor's visit fees vary widely from 300 BDT at clinics to 3000+ BDT at top private practices.
Average roundtrip economy airfare NYC to Dhaka in low season 2024 (USD),1200,USD,Price,"Qatar Airways, Emirates, and Turkish Airlines dominate this route."
Average roundtrip economy airfare NYC to Dhaka during winter peak 2024 (USD),1800,USD,Price,Prices spike dramatically during the December-January diaspora travel season.
Average roundtrip economy airfare from London to Dhaka 2024 (GBP),700,GBP,Price,Biman Bangladesh has direct flights from London Heathrow to Dhaka.
Cost of a US tourist visa application fee for Bangladeshi citizens in USD 2024,185,USD,Price,The MRV fee was raised from $160 to $185 in mid-2023.
Cost of a UK Standard Visitor Visa application fee for BD citizens 2024 (GBP),115,GBP,Price,UK visa fees have risen steadily after Brexit.
Cost of remitting $1000 via Western Union from US to Bangladesh in fees 2024 (USD),5,USD,Price,WU often offers $0 fee promos but the markup is in the exchange rate.
Annual fee for a US passport processing in regular service (adult) 2024 (USD),165,USD,Price,Plus a $35 acceptance fee for first-time applicants.
Cost of an annual Costco Executive membership in the US 2024 (USD),130,USD,Price,The Executive tier provides 2% cash back on Costco purchases.
Launch price of the original Beats by Dre Studio headphones 2008 (USD),350,USD,Price,Dr. Dre's headphone brand was acquired by Apple in 2014 for $3 billion.
Launch price of the Bose QuietComfort 35 II headphones 2017 (USD),350,USD,Price,Premium ANC headphones became a remote-work essential during COVID.
Cost of the original Snapchat Spectacles (V1) at launch 2016 (USD),130,USD,Price,Snap sold them via 'Snapbot' vending machines — a marketing stunt.
Launch price of the Microsoft Kinect for Xbox 360 in 2010 (USD),150,USD,Price,Kinect was Microsoft's failed answer to the Wii Remote.
Launch price of the original Sega Genesis console in the US 1989 (USD),189,USD,Price,It famously battled the Super Nintendo for 16-bit supremacy.
Launch price of the original Atari 2600 in the US in 1977 (USD),199,USD,Price,It came bundled with the game Combat and a pair of joysticks.
Cost of placing a regular Pathao food delivery order minimum charge in Dhaka 2024 (BDT),30,BDT,Price,Pathao Food and Foodpanda dominate the food delivery market in BD.
Average delivery fee for a Foodpanda order within Dhaka in 2024 (BDT),49,BDT,Price,"Foodpanda is owned by Germany-based Delivery Hero, operating worldwide."
Monthly subscription fee for Netflix Mobile plan in Bangladesh 2024 (BDT),150,BDT,Price,Netflix offers a mobile-only plan in Bangladesh at a sharply discounted rate.
Monthly subscription fee for Toffee streaming app premium in BD 2024 (BDT),50,BDT,Price,Toffee is a Bangladeshi OTT platform popular for live cricket streaming.
Cost of a Banglalink 1GB single-day data pack in 2024 (BDT),19,BDT,Price,Mobile operators heavily compete on short-duration data packs.
"Cost of a 1-month Equinox gym membership (Tier 1, NYC) 2024 (USD)",305,USD,Price,Equinox is famously priced as a status symbol for NYC professionals.
Cost of a 1-month SoulCycle unlimited classes package in NYC 2024 (USD),285,USD,Price,SoulCycle helped invent the boutique-fitness pricing model.
Cost of one Peloton Bike+ at launch in the US 2020 (USD),2495,USD,Price,Peloton stock peaked during COVID and crashed after gyms reopened.
Average cost of a single Erewhon smoothie in Los Angeles 2024 (USD),20,USD,Price,Erewhon's smoothies became a viral TikTok status symbol.
Cost of one Hailey Bieber Erewhon strawberry skin glaze smoothie in LA 2024 (USD),17,USD,Price,Celebrity smoothie collaborations are now a thing.
Average annual cost of childcare for one child in the US in 2024 (rounded thousand),11,thousand USD,Price,Childcare costs more than college in many US states.
Average cost of an Invisalign treatment (clear braces) in the US 2024 (USD),5000,USD,Price,Roughly 1.5 million Americans started Invisalign treatment in 2023.
Average cost of LASIK eye surgery (both eyes) in the US 2024 (USD),4400,USD,Price,LASIK costs have stayed remarkably stable over the past decade.
Average ticket price for a Coke Studio Bangla concert event in Dhaka 2024 (BDT),5000,BDT,Price,Coke Studio Bangla became a cultural phenomenon since launching in 2022.
Average price of a Dhaka Lit Fest weekend pass 2024 (BDT),1000,BDT,Price,Dhaka Lit Fest is one of South Asia's premier literary festivals.
"Cost of a Bangladesh Premier League (BPL) cricket match ticket - Gallery (2024, BDT)",200,BDT,Price,BPL ticket prices range from gallery to corporate boxes.
Cost of a single-entry general adult ticket to the National Museum in Dhaka 2024 (BDT),100,BDT,Price,The National Museum has been renovated multiple times since 2000.
"Average monthly rent for a 3-bedroom apartment in Gulshan, Dhaka 2024 (thousand BDT)",85,thousand BDT,Price,Gulshan and Banani are the most expensive residential areas in Dhaka.
"Average monthly rent for a 2-bedroom apartment in Dhanmondi, Dhaka 2024 (thousand BDT)",45,thousand BDT,Price,Dhanmondi is a popular middle-to-upper class residential area.
"Average monthly rent for a 1-bedroom apartment in Mirpur DOHS, Dhaka 2024 (thousand BDT)",22,thousand BDT,Price,Mirpur DOHS is a quieter neighborhood favored by retired military personnel.
Average price per square foot for a new flat in Bashundhara R/A Dhaka 2024 (thousand BDT),12,thousand BDT,Price,Bashundhara is one of the largest planned residential areas in Dhaka.
Average price per square foot of land in Gulshan Avenue Dhaka in lakh BDT (2024),75,lakh BDT,Price,Gulshan land prices rival some of Asia's most expensive cities.
Price of a single 'Burger King Chicken Whopper' in Dhaka 2024 (BDT),530,BDT,Price,Burger King's pricing in BD is significantly lower than its US counterpart.
Price of a single 'Crispy Chicken' meal at Khalifa Dhaka 2024 (BDT),300,BDT,Price,Khalifa is a popular local Bangladeshi fried chicken chain.
Average price of a Pizza Hut large pepperoni pizza in Dhaka 2024 (BDT),1500,BDT,Price,Pizza Hut's BD operations are franchised by Transcom Foods Limited.
Price of one 5lb bag of Lal Qilla basmati rice in a US Bangladeshi grocery 2024 (USD),18,USD,Price,Lal Qilla and Daawat are the most popular basmati brands among diaspora.
Price of a 1lb Hilsa fish at NYC Bangladeshi grocery store 2024 (USD),22,USD,Price,Imported Hilsa in the US sells at 2-3x the price in Bangladesh.
Price of a Bangladeshi wedding catering buffet per head in NYC 2024 (USD),65,USD,Price,BD-American weddings typically host 300-700 guests at this price point.
Cost of a one-way Boltbus / Greyhound NYC to DC for South Asian community trips 2024 (USD),30,USD,Price,Discount bus lines became the go-to for college students and recent immigrants.
"Price of 1 Bitcoin in USD on January 1, 2017 (rounded)",998,USD,Price,"Bitcoin started its first major bull run that year, ending at $19,000+."
Price of 1 Bitcoin in USD at its November 2021 all-time high (rounded thousand),69,thousand USD,Price,Bitcoin would cross this level again in 2024 after the spot ETF launch.
Price of 1 Ethereum (ETH) in USD at its November 2021 peak (rounded),4800,USD,Price,ETH peaked alongside Bitcoin during the 2021 crypto bull market.
Price of 1 NFT 'Bored Ape Yacht Club' floor at its peak in 2022 (rounded thousand USD),400,thousand USD,Price,The NFT bubble peaked in early 2022 before collapsing through 2023.
Year Sam Bankman-Fried's crypto exchange FTX collapsed,2022,year,Price,FTX's collapse wiped out an estimated $8 billion in customer funds.
"Cost of a single Taylor Swift Eras Tour ticket (US average resale, 2024 in USD)",1300,USD,Price,The Eras Tour grossed over $2 billion worldwide.
Average resale ticket price for Lionel Messi's MLS debut for Inter Miami 2023 (USD),1200,USD,Price,His debut crashed StubHub as ticket demand outpaced regular MLS pricing 50x.
"Cost of a single ticket for the Drake-Kendrick rap feud listening party at Pop Out (2024, USD)",800,USD,Price,Kendrick Lamar's 'Pop Out' show at LA's Kia Forum sold out in minutes.
"Cost of a 'golden iPhone' custom Caviar version of iPhone 16 Pro (2024 USD, rounded thousand)",18,thousand USD,Price,Caviar makes custom luxury phones — a few sell to Middle Eastern royalty.
"Cost of one Hermès Birkin bag at retail (base model, 2024 USD, rounded thousand)",12,thousand USD,Price,Resale prices can run 3-10x retail due to artificial scarcity.
Cost of a single ticket on Elon Musk's SpaceX Starlink Inspiration4 mission 2021 (millions USD),50,million USD,Price,Tech billionaire Jared Isaacman bought all 4 seats and donated proceeds.
"Cost of attending Burning Man (general admission, 2024 USD)",575,USD,Price,Burning Man tickets sell out within hours despite the harsh desert conditions.
"Cost of a Davos World Economic Forum membership annual fee for partner companies (thousand USD, 2024)",700,thousand USD,Price,The Davos crowd pays this just to access closed-door sessions.
Year the first ever video was uploaded to YouTube (fun fact: uploader Jawed Karim was born to a Bangladeshi father),2005,year,Desh,"Me at the zoo' uploaded by Jawed Karim on April 23, 2005 has 391+ million views — his father Naimul Karim is Bangladeshi."
Length of the first ever YouTube video 'Me at the zoo' in seconds (uploaded by Bangladeshi-origin Jawed Karim),19,seconds,Desh,Jawed Karim's father is from Bangladesh — the 19-second elephant video has been watched 391+ million times.
"Year Sal Khan founded Khan Academy (who's father was from Barisal, Bangladesh)",2008,year,Desh,"Sal Khan's father Fakhrul Amin Khan was from Rahmatpur village, Babuganj Upazila — making Khan Academy a Bangladeshi-American success story."
Number of video lessons on Khan Academy as of 2024 (founder Sal Khan's father was Bangladeshi),6500,video lessons,Desh,Sal Khan personally created the first thousands of these from his closet — his father hailed from Barisal.
Year Sal Khan was born in Louisiana (Khan Academy founder of Bangladeshi descent),1976,year,Desh,Sal Khan's father Fakhrul Amin Khan was a Bangladeshi physician who immigrated to the US.
Year Hamza Choudhury officially switched his football allegiance to Bangladesh,2024,year,Desh,The Leicester City FA Cup winner became the first Premier League player to represent Bangladesh.
Year Hamza Choudhury (Bangladeshi Footballer) won the FA Cup with Leicester City,2021,year,Desh,He scored the assist against Chelsea in the historic 1-0 final at Wembley.
FIFA world ranking of Bangladesh men's football team in early 2025,185,rank,Desh,Hamza Choudhury's arrival was meant to be a turning point for Bangladeshi football.
Bangladesh's ranking in the Corruption Perceptions Index in 2024 (out of 180 countries),151,rank,Desh,Bangladesh scored 23 out of 100 — its worst score in 13 years according to Transparency International.
Bangladesh's rank from the bottom in the 2024 Corruption Perceptions Index,14,rank,Desh,"Only 13 countries scored worse — including Afghanistan, Syria, and South Sudan."
Average vehicle speed in Dhaka city in km/h as of 2022 (according to BUET study),5,km/h,Desh,Dhaka was ranked the slowest city in the world — a brisk walk is faster than driving.
Number of minutes per 2 hours a Dhaka commuter spends in traffic (CPD survey),46,minutes,Desh,Nearly 40 percent of your travel time is just sitting still.
Total spent on Dhaka traffic infrastructure megaprojects in last decade in thousand crore BDT,135,thousand crore BDT,Desh,"Despite the spending spree, average speed actually dropped from 21 to 5 km/h."
Bangladesh's rank globally in air pollution among countries as of 2024 (worst air quality),1,rank,Desh,Bangladesh has had the worst air quality in the world multiple years running.
Year Bangladesh became the most polluted country globally in IQAir's rankings,2023,year,Desh,Bangladesh has retained the dubious top spot in air pollution rankings consistently since.
Number of people Bangladesh's population density places per square kilometer (approx) (2024),1265,people,Desh,Bangladesh has the highest population density of any country its size or larger.
"Number of people who formed the world's largest human flag in Dhaka, December 16, 2013",27117,people,Desh,Robi Axiata sponsored this Guinness World Record-breaking spectacle on Victory Day.
"Number of people who sang Bangladesh's national anthem simultaneously for Guinness Record (March 26, 2014)",254537,people,Desh,"They broke India's previous record set in Lucknow with 121,653 people."
Year Bangladesh set the Guinness World Record for largest national anthem singing,2014,year,Desh,Held at the National Parade Ground on Independence Day.
Number of seconds Bangladesh's record-breaking human flag was held up,374,seconds,Desh,6 minutes 14 seconds was over a minute longer than required to set the Guinness Record.
Number of people who broke the Guinness record for longest line of bananas in Bangladesh 2014,75000,bananas,Desh,"Bangladesh University students arranged 75,000 bananas in a line spanning over 6 km."
"Year Diplo performed his iconic concert in Dhaka, Bangladesh",2017,year,Desh,He played at Le Méridien Dhaka's Sky Ballroom in April 2017 — the first major Western DJ event post-Holey Artisan.
Year the band 'Coke Studio Bangla' first launched its debut season,2022,year,Desh,It revolutionized Bangladeshi music with fusion arrangements of traditional Bengali songs.
"Number of streams of 'Nasek Nasek' by Coke Studio Bangla on YouTube (millions, 2024)",100,million,Desh,It became the most viewed Coke Studio Bangla track and a global Bengali music milestone.
Number of original songs in 'Nasek Nasek' Coke Studio Bangla performance,3,songs,Desh,It blends three Khasi and traditional folk songs into one fusion track.
Year the famous British Bangladeshi 'Chicken Tikka Masala' was reportedly invented in Glasgow,1971,year,Desh,"Chef Ali Ahmed Aslam, a Bangladeshi-Sylheti immigrant, is credited with creating the British national dish."
Estimated percentage of UK Indian restaurants that are actually Bangladeshi-owned,80,percent,Desh,"Most 'curry houses' in the UK are owned by Sylheti Bangladeshis, not Indians."
Year Bangladesh became the world's top jute producer (modern era),2007,year,Desh,Bangladesh overtook India as the leading jute exporter after a decade of decline.
Year Bangladesh became the world's 8th most populous country,2020,year,Desh,BD surpassed Russia's population around this time despite being 1/120th the geographic size.
Year Bangladesh first appeared at the Olympic Games,1984,year,Desh,Bangladesh has competed in every Summer Olympics since the 1984 LA Games.
Number of athletes Bangladesh sent to the 2024 Paris Olympics,5,athletes,Desh,BD is the most populous country to send fewer than 10 athletes to Paris 2024.
"Year Mohammed Yunus, Bangladeshi economist, became Chief Adviser of the Bangladesh interim government",2024,year,Desh,"After the July 2024 uprising, Yunus took over the Bangladesh interim administration."
Year of the historic 'July Uprising' that overthrew Sheikh Hasina's government,2024,year,Desh,Student-led protests against the quota system grew into a national movement.
Number of years Sheikh Hasina ruled Bangladesh continuously before the July 2024 ouster,15,years,Desh,She was prime minister continuously from 2009 until August 2024.
Year Bangladesh's Sheikh Hasina fled to India during the July uprising,2024,year,Desh,"She was airlifted to India on August 5, 2024 as protesters stormed Ganabhaban."
Year Bangladeshi-British politician Rushanara Ali was first elected to UK Parliament,2010,year,Desh,She was the first British MP of Bangladeshi origin.
Year Bangladeshi-American Hansen Clarke was elected to the US Congress,2010,year,Desh,He represented Michigan's 13th district — the first Bangladeshi-American Congressman.
Year the iconic Bangladeshi singer Runa Laila set the Guinness Record for recording 30 songs in 1 day,1982,year,Desh,She recorded all 30 songs in just 6 hours at an EMI Pakistan studio.
Number of songs Runa Laila has performed in across 17+ languages (commonly cited),10000,songs,Desh,She is one of the most prolific subcontinental playback singers ever.
Year Bangladesh's 'Beder Meye Josna' became the highest-grossing Bangladeshi film for decades,1989,year,Desh,The film reportedly outsold even Hollywood blockbusters in Bangladesh that year.
Year Bangladesh became the largest source of garment exports to the US (overtaking China for value),2024,year,Desh,Bangladesh briefly overtook China in cotton apparel imports to the US in 2024.
Bangladesh's rank globally in remittance receipts per year (2024),7,rank,Desh,Bangladesh receives over $24 billion annually from its 13M+ overseas diaspora.
Total remittance received by Bangladesh in fiscal year 2023-24 in billions USD (rounded),24,billion USD,Desh,Remittances are Bangladesh's second-largest source of foreign exchange after RMG exports.
"Number of Bangladeshi nationals working overseas as of 2024 (millions, rounded)",13,million,Desh,"Saudi Arabia, UAE, Malaysia, and Singapore are top destinations."
Year Bangladesh's Sundarbans hit a record 114 confirmed Royal Bengal Tigers in census,2018,year,Desh,The tiger population recovered slightly after years of decline.
Number of Royal Bengal Tigers remaining in the Sundarbans (2024 estimate),125,tigers,Desh,Sundarbans tigers are the only mangrove-dwelling tigers on Earth.
Number of mosques in Dhaka (commonly cited figure for the 'city of mosques'),6000,mosques,Desh,Dhaka is often called the 'city of mosques' for its sheer density.
Year the Dhaka Mosque City moniker was first popularized,1610,year,Desh,Mughal-era Dhaka had a mosque on virtually every block.
Year a Bangladeshi-American Zohran Mamdani was elected to NY State Assembly,2020,year,Desh,"He represents Astoria, Queens — a NYC neighborhood with a large BD diaspora."
Year Zohran Mamdani launched his NYC mayoral campaign,2024,year,Desh,His campaign became one of the most-watched insurgent mayoral runs in NYC history.
Number of US states with a Bangladeshi-American elected to state legislature as of 2024,5,states,Desh,"NY, MI, NJ, GA, and PA have all elected BD-Americans to state-level office."
Year the Kardashian-Jenner family first appeared on E! reality TV (Keeping Up With...),2007,year,Global,The 14-season run made the family into a global household name.
Number of seasons of Keeping Up with the Kardashians on E!,20,seasons,Global,It ran from 2007 to 2021 before moving to Hulu under a new title.
Year Kim Kardashian's infamous tape leaked to the public,2007,year,Global,"The same year their reality show launched — pure coincidence, of course."
"Combined Instagram followers of Kim Kardashian as of 2024 (millions, rounded)",360,million,Global,She is one of the most-followed accounts on Instagram globally.
"Kylie Jenner's net worth at her peak as 'youngest self-made billionaire' (2019, billions USD)",1,billion USD,Global,"Forbes later revoked the billionaire title, calling the claim inflated."
Year Mark Zuckerberg appeared before the US Congress over Cambridge Analytica,2018,year,Global,"The hearings became a meme-worthy moment featuring 'Senator, we run ads'."
Year Elon Musk smoked weed on the Joe Rogan podcast,2018,year,Global,Tesla stock tanked 6 percent the next day.
Year Twitter banned Donald Trump's account,2021,year,Global,"After January 6th, but he was reinstated after Musk's acquisition."
Year Trump was reinstated on Twitter / X by Elon Musk,2022,year,Global,Musk used a public Twitter poll to make the decision.
Year MrBeast (Jimmy Donaldson) crossed 100 million YouTube subscribers (2024),2022,year,Global,He has since crossed 300 million subscribers — the most for any individual.
"Number of subscribers MrBeast has on YouTube as of mid-2024 (millions, rounded)",300,million,Global,MrBeast became the most-subscribed YouTube channel globally.
Number of times Elon Musk publicly challenged Mark Zuckerberg to a cage fight,1,times,Global,The legendary 2023 'cage match' challenge — that never actually happened.
Year Sam Altman was briefly fired and rehired as OpenAI CEO (within 5 days),2023,year,Global,The November 2023 OpenAI boardroom drama lasted just 5 days.
Year FTX founder Sam Bankman-Fried was convicted of fraud,2023,year,Global,He was sentenced to 25 years in federal prison in March 2024.
Year Elizabeth Holmes (Theranos) was convicted of fraud,2022,year,Global,She was sentenced to over 11 years in prison.
Year Adam Neumann (WeWork founder) was ousted as CEO,2019,year,Global,His ouster came after WeWork's failed IPO attempt — chronicled in the show 'WeCrashed'.
Year Bernie Madoff's Ponzi scheme collapsed,2008,year,Global,His $65 billion fraud is the largest in financial history.
Year 'Damn Daniel' became a viral meme on Vine,2016,year,Global,"The 'Damn Daniel, back at it again with the white Vans' video aired on Ellen DeGeneres."
Year Vine was officially shut down by Twitter,2017,year,Global,Twitter axed Vine despite millions of fans — many creators moved to TikTok.
Year the 'Harlem Shake' became a global viral dance meme,2013,year,Global,Spawned tens of thousands of imitation videos in just weeks.
Year 'Despacito' by Luis Fonsi broke the 5 billion views on YouTube barrier,2018,year,Global,It was the first YouTube video to ever reach 5 billion views.
Year the song 'Gangnam Style' by Psy was released,2012,year,Global,It was the first YouTube video to cross 1 billion views.
Number of views 'Baby Shark Dance' has on YouTube as of 2024 (billions),14,billion,Global,It is the most-viewed YouTube video of all time.
Year 'Stranger Things' got the 'Running Up That Hill' by Kate Bush a return to #1,2022,year,Global,Season 4's plot point sent the 1985 Kate Bush song back to global charts.
Year Taylor Swift released the album '1989' originally,2014,year,Global,She re-recorded it as 'Taylor's Version' in 2023 due to her masters dispute.
Number of countries on Beyoncé's 2023 Renaissance World Tour,11,countries,Global,"It grossed over $579 million, making it one of the highest-grossing tours by a Black artist."
Year SZA's album 'SOS' was released and dominated streaming,2022,year,Global,SOS spent multiple weeks at #1 on the Billboard 200.
Number of Drake studio albums released as of 2024,9,albums,Global,His commercial dominance spans over a decade in hip hop.
Year Kendrick Lamar won a Pulitzer Prize for the album 'DAMN.',2018,year,Global,"He became the first non-classical, non-jazz artist to win the Pulitzer for Music."
Year 'The Eminem Show' was released,2002,year,Global,It was the best-selling album of 2002 in the US.
Year LeBron James announced 'The Decision' to leave Cleveland for Miami Heat,2010,year,Global,The hour-long ESPN special was widely mocked for its grandiose presentation.
Year LeBron James first surpassed Michael Jordan in total NBA playoff points,2017,year,Global,Part of the long-running GOAT debate in basketball.
Number of NBA championships won by LeBron James,4,championships,Global,"Two with the Heat, one with Cavs, one with Lakers."
Year the 'flop heard around the world' (Andres Iniesta's iconic Spain World Cup goal),2010,year,Global,Spain won their first FIFA World Cup with that 1-0 final win over Netherlands.
Year Neymar transferred to PSG for a world-record fee (2024),2017,year,Global,The €222 million transfer fee shattered records — many haven't been broken since.
Year Bud Light's controversy with Dylan Mulvaney happened,2023,year,Global,Sales plummeted and Bud Light lost its position as America's top-selling beer.
Year Mattel's Barbie movie premiered globally,2023,year,Global,Greta Gerwig's film grossed over $1.4 billion worldwide.
Year 'Oppenheimer' won Best Picture at the Academy Awards,2024,year,Global,Christopher Nolan finally won Best Director after years of acclaim.
Number of total Academy Awards won by Christopher Nolan as of 2024,1,Oscar,Global,"Despite many acclaimed films, his only Best Director win came in 2024."
Year Marvel's 'Avengers: Endgame' was released,2019,year,Global,It briefly held the all-time global box office record with $2.799 billion.
Year the Suez Canal was famously blocked by the 'Ever Given' container ship,2021,year,Global,The 6-day blockage cost the global economy an estimated $9 billion per day.
Year FTX collapsed and SBF was arrested,2022,year,Global,$32 billion in customer funds essentially vanished overnight.
Year Silicon Valley Bank collapsed,2023,year,Global,SVB was the second-largest bank failure in US history.
Year Credit Suisse was acquired by UBS amid the 2023 banking crisis,2023,year,Global,UBS bought Credit Suisse for $3.25 billion — a 60% discount to market cap.
Number of US Senators on the Senate Intelligence Committee that grilled TikTok CEO in 2024,5,senators,Global,TikTok CEO Shou Zi Chew faced intense bipartisan questioning.
Year the US House passed the bill that could ban TikTok in the US,2024,year,Global,The bill would force ByteDance to divest TikTok or face a US ban.
"Year Pavel Durov, Telegram founder, was arrested in France",2024,year,Global,He was detained over allegations of facilitating illegal content on Telegram.
"Year COVID-19 was first detected in Wuhan, China",2019,year,Global,"The first case is officially traced to November 17, 2019."
"Number of days the global COVID lockdown effectively began (March 11 to June 11, 2020)",92,days,Global,The initial 3-month lockdown reshaped work culture forever.
Year mRNA COVID vaccines were first authorized for emergency use in the US,2020,year,Global,Pfizer-BioNTech got the first US EUA in December 2020.
Number of games LeBron James has played in his NBA career as of 2024 (rounded thousand),1500,games,Global,He passed Kareem Abdul-Jabbar as the all-time NBA scoring leader in 2023.
Year LeBron passed Kareem Abdul-Jabbar as NBA all-time scoring leader,2023,year,Global,"He scored his 38,388th point on February 7, 2023."
Total points LeBron James scored to become NBA all-time scoring leader (2023),38388,points,Global,"Passing Kareem's mark of 38,387 points set in 1989."
Number of monthly users ChatGPT had crossed by August 2024 (hundreds of millions),200,million,Global,ChatGPT became the fastest-growing consumer product in history.
Year Anthropic was founded (Claude's company),2021,year,Global,Founded by former OpenAI researchers Dario and Daniela Amodei.
Year Sora (OpenAI's text-to-video AI) was first demoed publicly,2024,year,Global,Sora's hyper-realistic AI video generation went viral globally.
Year Google's Gemini Ultra AI model was first released,2023,year,Global,Google's response to GPT-4 launched in December 2023.
Year Satya Nadella became CEO of Microsoft,2014,year,Global,Microsoft's stock has grown 10x since he took over.
Year Sundar Pichai became CEO of Google,2015,year,Global,He later also became CEO of parent company Alphabet in 2019.
"Number of US dollars Jeff Bezos pays per second in his peak earning year (rounded, 2018)",2489,dollars,Weird Facts,"Bezos was earning $2,489 per second during Amazon's peak — more than most Americans make in a week."
Net worth of Elon Musk at his all-time peak in billions USD (2021),340,billion USD,Weird Facts,He briefly became the first person ever worth over $300 billion.
Number of times a typical human heart beats per lifetime (billions),3,billion,Weird Facts,Roughly 3 billion beats by age 80 — your heart is the most reliable thing in your body.
Maximum percentage of pure water in the human brain,75,percent,Weird Facts,"The brain is mostly water, fat, and electrical chaos."
"Maximum recorded age of a human ever (Jeanne Calment, France)",122,years,Weird Facts,She died in 1997 — her record remains officially uncontested.
Number of children Genghis Khan reportedly fathered (commonly cited modern estimate),1000,children,Weird Facts,Modern DNA studies suggest he may be the ancestor of 16 million men alive today.
"Number of people in the world named 'Mohammed' or variations (millions, estimate)",150,million,Weird Facts,Mohammed is the most common name in the world.
Number of people who fart in their sleep per night on average (worldwide percentage),100,percent,Weird Facts,"Yes, literally everyone does it — gas builds up while you sleep."
Number of hours a North Korean defector training facility runs simulated US TV daily,24,hours,Weird Facts,South Korea's resettlement program eases defectors into 'normal' South Korean life.
Maximum number of times a single person has visited Disneyland (commonly cited),2995,times,Weird Facts,Jeff Reitz visited Disneyland every day from 2012 until COVID closed the park.
Number of times the average smartphone is touched per day,2617,times,Weird Facts,"We average over 2,600 daily phone touches — a Dscout study revealed in 2016."
Average number of hours the average American spends on their phone daily in 2024,4,hours,Weird Facts,Up from just 2.5 hours in 2017 — most of it on social media.
Number of pages in the average Terms of Service for a tech app,73,pages,Weird Facts,Reading all your apps' ToS would take 76 working days per year.
Number of hot dogs Joey Chestnut ate to win the 2021 Nathan's Hot Dog Eating Contest,76,hot dogs,Weird Facts,He's won the Nathan's contest 16 times since 2007.
Number of pieces of paper an average office worker uses per year (in the US) (2024),10000,pages,Weird Facts,"Despite digital transformation, paper consumption rose during COVID for some industries."
Year Bitcoin's pseudonymous creator Satoshi Nakamoto last messaged publicly,2010,year,Weird Facts,Their identity remains the biggest unsolved mystery in tech history.
Estimated number of Bitcoin Satoshi Nakamoto holds (thousand BTC),1000,thousand BTC,Weird Facts,"If real, that's worth over $60 billion at 2024 prices — untouched since 2010."
Number of years between Wright Brothers' first flight and the Apollo 11 Moon landing,66,years,Weird Facts,From 12 seconds in the air to walking on the Moon in less than a human lifetime.
Number of countries with English as an official language (commonly cited),67,countries,Weird Facts,"Despite being the dominant 'world language', it's official in fewer countries than you'd think."
Number of words the average person speaks per minute when speaking comfortably,150,words,Weird Facts,Auctioneers can hit 250-400 words per minute when rolling.
Year IKEA was founded (Sweden),1943,year,Weird Facts,It was started by 17-year-old Ingvar Kamprad in a small Swedish village.
Number of countries IKEA operates in as of 2024,63,countries,Weird Facts,IKEA is one of the most globally consistent retail brands.
Number of meatballs IKEA serves globally per year (millions) (2024),1000,million,Weird Facts,Over 1 billion meatballs are eaten at IKEA cafeterias each year worldwide.
Year the Voyager 1 spacecraft launched,1977,year,Weird Facts,"It's now the farthest human-made object from Earth, over 24 billion km away."
Number of times more likely you are to be killed by a vending machine than a shark (1 in X),112,times,Weird Facts,"Vending machines kill about 13 people per year in the US, sharks just 6."
Number of times in a typical lifetime an average person blinks (in millions),600,million,Weird Facts,Roughly 600 million blinks — taking up about 10% of your waking life.
Average dollar amount Americans tip a Starbucks barista per visit (cents),50,cents,Weird Facts,Studies show the average is about 50 cents per tip.
Number of swimming pools you'd need to fit all the gold ever mined in human history,4,pools,Weird Facts,All the gold ever mined would fit in just 4 Olympic-sized swimming pools.
Number of years it would take to count to one billion saying one number per second,32,years,Weird Facts,"1 billion seconds is 31.7 years. 1 trillion seconds is 31,710 years."
Year Saudi Arabia officially allowed women to drive cars,2018,year,Weird Facts,The decree was issued by Crown Prince MBS as part of Vision 2030.
Year the last Vatican-Italy state Pope died at age 95 (Pope Benedict XVI),2022,year,Weird Facts,"He famously resigned in 2013, the first Pope to resign in nearly 600 years."
"Year Tahmima Anam, Bangladeshi-British novelist, won the Commonwealth Writers Prize",2008,year,Desh,She won for her debut novel 'A Golden Age' about the Liberation War.
Number of countries Bangladesh exports its workforce to officially (commonly cited),165,countries,Desh,Bangladeshi workers are present in nearly every country on Earth.
Year Bangladesh's first ever Test cricket match was played,2000,year,Desh,BD got Test status in 2000 and played their first match against India.
Year 'The Daily Star' newspaper was first published in Bangladesh,1991,year,Desh,It is the largest circulated English daily newspaper in Bangladesh.
Year actor Riz Ahmed of South Asian descent won his historic acting Emmy,2017,year,Global,Riz Ahmed (Pakistani descent) won for 'The Night Of' becoming first Asian male acting Emmy winner.
Year Mira Nair's film 'The Namesake' was released (depicting South Asian diaspora in NYC),2007,year,Global,Based on the novel by Bangladeshi-American author Jhumpa Lahiri.
Year Jhumpa Lahiri (Bengali-American) won the Pulitzer Prize for Fiction,2000,year,Desh,She won for her debut short story collection 'Interpreter of Maladies'.
Bangladesh's score out of 100 in 2024 Corruption Perceptions Index (where 100 = squeaky clean),23,out of 100,Desh,"If corruption were a final exam, Bangladesh would still need to retake it."
Score Denmark received in the 2024 Corruption Perceptions Index (vs Bangladesh's 23),90,out of 100,Desh,Denmark scored almost 4x cleaner — they probably tip their delivery guy too.
Number of points Bangladesh's CPI score dropped from 2012 to 2024,5,points,Desh,Going the wrong direction for a decade is one way to stay consistent.
Vehicle speed in Dhaka a decade earlier in 2007 (km/h),21,km/h,Desh,We literally have gotten 4x slower while spending 1.3 trillion taka on traffic projects.
Hours per year wasted by the average Dhaka commuter stuck in traffic (CPD 2023),276,hours,Desh,That's 11.5 entire days of your year staring at a rickshaw bell.
Distance in km from Dhaka airport to Gulshan that can take 55 minutes in traffic,9,km,Desh,Walking would be only marginally slower — and probably more dignified.
Rank of Dhaka among slowest cities in the world (2023 NBER study),1,rank,Desh,"First in something, finally. Just... not the something we wanted."
Number of Bangladeshi cities in the world's 20 slowest cities list (2023),5,cities,Desh,"Dhaka, Khulna, Mymensingh, Chattogram, and Cumilla all on one prestigious list."
Bangladesh's rank among countries with population over 10 million for population density (2024),1,rank,Desh,The most crowded big country on Earth — nowhere else even comes close.
Bangladesh's rank in world population (most populous countries) (2024),8,rank,Desh,"Bigger than Russia by population, despite being 1/120th the geographic size."
Population of Bangladesh in millions (2024 estimate),173,million,Desh,"More people than Russia, Japan, or Mexico — squeezed into an area smaller than Iowa."
Bangladesh's rank in IQAir's annual most-polluted countries report (2023),1,rank,Desh,Winning categories include 'highest PM2.5' and 'most asthma triggers'.
Number of cigarettes worth of air the average Dhaka resident inhales daily (equivalent) (2024),5,cigarettes,Desh,"Even if you've never smoked, congratulations — Dhaka air is doing it for you."
Number of consecutive years Bangladesh has held the worst air quality global ranking by 2024,4,years,Desh,"When you're consistent, you're consistent."
Bangladesh's lowest ever score in a Test cricket innings (all out),43,runs,Desh,Against West Indies in 2018. The whole innings lasted less than 19 overs.
Number of overs Bangladesh's lowest Test innings lasted (43 all out vs WI 2018),18,overs,Desh,More balls were faced in an over than runs were scored by 9 of the 11 batsmen.
Number of Bangladesh batters in that infamous 43 all out innings who scored in double digits,1,batter,Desh,Liton Das scored 25 — accounting for 58% of the team total. A truly heroic solo performance.
"Per capita rice consumption in Bangladesh per year, in kg (FAO data, 2023)",247,kg,Desh,Roughly 3.7x the global average of 67 kg. That's 1.5 lbs of rice per person per day.
"Global average per capita rice consumption per year, in kg (2024)",67,kg,Desh,Rest of the world eats this much. Bangladeshis laugh and put more rice on the plate.
Bangladesh's rank globally in per-capita rice consumption (2024),5,rank,Desh,"Behind only Myanmar, Cambodia, Laos, and Comoros. Truly elite plate-clearing."
Percent of daily calorie intake from rice for the average Bangladeshi,70,percent,Desh,Rice isn't a side dish here. Rice IS the dish.
Bangladesh's global rank in garment exports (RMG industry) (2024),2,rank,Desh,Second only to China — every other H&M shirt may have a 'Made in Bangladesh' tag.
Number of workers employed in Bangladesh's ship breaking industry (commonly cited),200000,workers,Desh,Half of all the steel in Bangladesh comes from dismantled foreign ships.
Bangladesh's global rank in jute production (2024),2,rank,Desh,Bangladesh produces the world's finest jute fiber — but India still produces more.
Bangladesh's global rank in hilsa fish catch (2024),1,rank,Desh,Bangladesh catches roughly 75% of the world's Hilsa. Hilsa is basically the national fish flex.
Bangladesh's global rank in mango production (2024),7,rank,Desh,"Despite being relatively small, Bangladesh is a top-10 mango producer globally."
Number of views on YouTube's first video 'Me at the zoo' as of 2024 (millions),391,million,Desh,Uploaded by Jawed Karim — whose father Naimul Karim is Bangladeshi. Eat your heart out.
Number of video lessons on Khan Academy (founded by Bangladeshi-American Sal Khan),6500,video lessons,Desh,Sal Khan's father was a Barisal-born physician. His son educated the world from a closet.
Number of registered users on Khan Academy as of 2023 (millions),155,million,Desh,Larger than the population of Bangladesh itself.
Estimated number of Khan Academy YouTube subscribers as of 2024 (millions),9,million,Desh,A Bangladeshi-American teaching the world calculus for free.
Number of people who set the Guinness World Record for largest human flag in Dhaka 2013,27117,people,Desh,Held the giant red-and-green flag for 6 minutes 14 seconds. We love a flex.
Number of people who set Guinness Record for most singing national anthem simultaneously (2014),254537,people,Desh,"Bangladesh broke India's record of 121,653 — by more than double."
"Number of Rohingya refugees currently in Bangladesh (millions, as of 2024)",1,million,Desh,Bangladesh hosts more refugees per capita than almost any country.
Estimated number of rickshaws in Dhaka city (commonly cited figure),500000,rickshaws,Desh,Dhaka has more rickshaws than most countries have cars.
Total annual remittances received by Bangladesh in 2023-24 (billion USD),24,billion USD,Desh,"Second only to RMG exports — meaning we're basically a country built on Hilsa, t-shirts, and Dubai paychecks."
Number of Bangladeshi workers abroad as of 2024 (millions),13,million,Desh,Roughly 1 in 13 Bangladeshis lives and works overseas.
Number of countries that host Bangladeshi expat workers officially,165,countries,Desh,"If your country has a 7-Eleven, it probably also has a Bangladeshi."
Number of Bengali language speakers worldwide (millions),273,million,Desh,Making Bengali the 6th most spoken language in the world.
Average number of cups of cha (tea) consumed per day by an average Bangladeshi adult,4,cups,Desh,"Morning cha, post-lunch cha, afternoon cha, evening cha. Repeat."
Number of mangoes the average Bangladeshi eats per year (kg estimate) (2024),5,kg,Desh,Mango season is treated like a national holiday — work productivity drops.
Percent of all Bangladeshi households that own a smartphone (2024 estimate),65,percent,Desh,Faster smartphone adoption than refrigerator adoption in many rural areas.
"Number of bKash (mobile wallet) users in Bangladesh (millions, 2024)",75,million,Desh,That's almost half the population — bKash is basically the parallel banking system.
Number of millimeters of rainfall Bangladesh receives annually on average,2666,millimeters,Desh,That's 2.6 meters — over 3x the global average. One word: monsoon.
Amount stolen from Bangladesh Bank in the 2016 cyber heist (millions USD),81,million USD,Desh,Hackers tried to steal $1 billion but typo'd 'foundation' as 'fandation' — caught by Deutsche Bank.
Number of typos that saved Bangladesh from losing $1 billion in the 2016 heist,1,typo,Desh,A single misspelled word in a wire transfer instruction prevented disaster.
Estimated number of Bangladeshis killed in Rana Plaza collapse (rounded),1134,people,Desh,The deadliest garment factory disaster in history — and a wake-up call for global fast fashion.
"Average annual income per capita in Bangladesh in 2024 (USD, GDP per capita)",2700,USD,Desh,Less than what a single 'In-N-Out' meal multiplied 270 times would cost in California.
Number of confirmed Bengal tigers left in the Sundarbans (2024 estimate),125,tigers,Desh,The world's only mangrove tigers — and we still managed to make them endangered.
Bangladesh's rank in the 2024 World Happiness Report (out of 143 countries),129,rank,Desh,"Below Yemen, but at least above Pakistan. Small wins."
"Bangladesh's rank globally in passport power (Henley Index 2024, visa-free access)",97,rank,Desh,BD passport gives visa-free access to 41 countries. Mostly islands you've never heard of.
Number of countries Bangladeshi passport holders can visit visa-free or on-arrival (2024),41,countries,Desh,"Same level as Cambodia. Less than Ethiopia. More than North Korea, at least."
"Bangladesh's rank in human capital index (World Bank 2020, out of 174)",123,rank,Desh,Despite Khan Academy's founder being Bangladeshi-American — we don't quite use it ourselves.
Number of seconds it takes Jeff Bezos to earn what an average American earns in a year (peak 2018),12,seconds,Global,"At peak earnings, Bezos made the median US salary in less than the time it takes to brush your teeth."
Number of US dollars Elon Musk reportedly earned per minute at his peak wealth,5000,USD/minute,Global,"By the time you finish this question, Elon made enough for a used Honda."
Amount Jeff Bezos paid for the Washington Post in 2013 (millions USD),250,million USD,Global,Bezos bought a newspaper with what was basically his couch-cushion change.
Number of times Elon Musk has changed Twitter/X's logo since acquiring it,3,times,Global,From the iconic bird to plain X — beloved branding move.
Amount Elon Musk paid to acquire Twitter (billion USD),44,billion USD,Global,"He tried to back out, got forced to follow through, then immediately fired half the staff."
Percent of Twitter staff Elon Musk laid off within 6 months of acquisition,80,percent,Global,"From 7,500 employees down to about 1,500. Productivity remained... debatable."
Number of days it took Elon Musk to ban journalists from Twitter after promising to be a 'free speech absolutist',49,days,Global,The absolutism had an asterisk apparently.
Number of US dollars Mark Zuckerberg lost on Meta's metaverse division in 2022 alone (billion),13,billion USD,Global,$13 billion for legless avatars. The future was expensive.
Number of years Meta's Reality Labs has been losing money in a row (as of 2024),4,years,Global,Losses surpassed $46 billion total. But the legs are coming any day now.
Bernie Madoff's Ponzi scheme total value when it collapsed (billion USD),65,billion USD,Global,Largest fraud in history. He died in prison serving 150 years.
Number of investors Bernie Madoff defrauded (rounded thousand),37,thousand,Global,"Including hospitals, charities, and Steven Spielberg."
Number of years prison sentence Sam Bankman-Fried received for FTX fraud,25,years,Global,"He'll be out by 2049, just in time to apologize again on a podcast."
Number of dollars per minute the average Walmart heir earns (Walton family),70000,USD/minute,Global,While Walmart cashiers make $14/hour. Math is interesting.
Percent of Walmart employees on government food assistance (commonly cited US estimate),14,percent,Global,The largest private employer in America has employees on SNAP benefits.
Amount MrBeast spent producing 'Beast Games' for Amazon (million USD),100,million USD,Global,5x more than Netflix spent on Season 1 of actual Squid Game.
Total budget for Squid Game Season 1 on Netflix (million USD),21,million USD,Global,Netflix's biggest hit ever cost less than one MrBeast publicity stunt.
"Amount MrBeast spent on his $456,000 'Squid Game in Real Life' video (million USD)",3,million USD,Global,His most expensive YouTube video to date — and he claims it lost money.
Number of contestants in MrBeast's original Squid Game recreation video,456,contestants,Global,Exactly mimicking the Netflix show. Without the murder.
Number of YouTube subscribers MrBeast had at his peak in 2024 (millions),300,million,Global,More followers than Bangladesh has people. Let that sink in.
Number of Guinness World Records MrBeast claims to have broken during Beast Games,50,records,Global,Including 'largest cash prize in TV history'. He really really likes records.
"Number of Instagram followers Cristiano Ronaldo has (millions, 2024)",630,million,Global,Most followed person on Instagram. Beats Messi by 100M.
"Number of Instagram followers Lionel Messi has (millions, 2024)",503,million,Global,Second most followed person on Instagram. Just behind Ronaldo.
Number of Instagram posts Kim Kardashian has made by 2024 (rounded thousand),5,thousand,Global,"Each averaging about 73,000 likes — totaling billions of dopamine hits worldwide."
Number of seconds Taylor Swift's Eras Tour ticket presale lasted before crashing Ticketmaster (2022),30,seconds,Global,The fiasco prompted a US Senate hearing on Ticketmaster monopoly.
"Amount Taylor Swift's Eras Tour grossed worldwide (billion USD, 2024)",2,billion USD,Global,First tour ever to gross over $2 billion.
"Net worth Taylor Swift achieved after the Eras Tour (billion USD, 2024 estimate)",1,billion USD,Global,Joined the billionaire club without selling a single product — just songs and tickets.
Number of Drake-Kendrick diss tracks released in 2024 spat,7,tracks,Global,Including 'Not Like Us' which won Record of the Year at the 2025 Grammys.
Number of streams of Kendrick Lamar's 'Not Like Us' in its first week on Spotify (millions),50,million,Global,It hit #1 on the Billboard Hot 100 within a week of release.
"Amount Spotify paid for Joe Rogan's podcast exclusivity (millions USD, 2020)",200,million USD,Global,Renewed in 2024 for $250 million over 3 years.
Number of years Spotify renewed Joe Rogan's deal in 2024,3,years,Global,"At $250M, he makes about $228K per podcast episode."
Amount Spotify paid for Joe Rogan's renewed deal in 2024 (millions USD),250,million USD,Global,Plus the right to also distribute on YouTube and other platforms.
Number of months it took ChatGPT to reach 100 million users,2,months,Global,Fastest growing consumer product ever. Beat TikTok's 9 months.
Number of months it took Threads (Meta's Twitter clone) to lose 80% of its users,1,month,Global,From 130M to ~25M active in just weeks. Brutal.
Number of Twitter blue check users who paid the $8 fee after Elon's verification rollout (2024),100000,users,Global,Out of 250M+ users. Truly a 'product everyone wanted'.
Number of times Twitter has been renamed since Elon Musk's takeover,1,times,Global,Just once — to X. But the URL twitter.com still works because users refuse to update.
Number of days the Suez Canal was blocked by the 'Ever Given' ship in 2021,6,days,Global,Cost the global economy an estimated $9 billion per day. By a single boat sideways.
Length of the Ever Given container ship in meters,400,meters,Global,Longer than the Empire State Building is tall. And it got STUCK.
Number of years the 'Wagatha Christie' British WAG defamation trial captivated UK media,2,years,Global,Coleen Rooney's 2019 Instagram post led to a 2022 court trial. Truly Shakespearean.
Number of US dollars OpenAI's ChatGPT pays per query in compute costs (commonly cited) (2024),4,cents,Global,Roughly $700K per day to run ChatGPT. Each fun joke you ask costs them real money.
Number of professionals OpenAI was offering up to in compensation to retain talent during 2024 Google poaching (in millions),100,million USD,Global,Reports of $100M+ retention offers for top AI researchers became common in 2024.
Number of parameters in GPT-4 (commonly estimated in trillions),1,trillion,Global,OpenAI never officially confirmed — but a lot of zeros.
Average annual cost of insulin for a US diabetic without insurance (USD) (2024),3500,USD,Global,Same insulin costs $30 in Canada. Same molecule. Same vial.
"Percent of Americans who can't afford an unexpected $1,000 emergency expense",60,percent,Global,Despite being the richest country on Earth.
Average cost of childbirth in the United States without insurance (USD) (2024),18000,USD,Global,Same procedure costs $0 in most developed countries. Welcome to America.
Number of Big Macs that cost the same as one US wedding (median price 2024),4400,Big Macs,Global,"Median wedding $33K, Big Mac $7.50. The math is bleak."
"Number of US states where it's legal to marry at age 14 or younger (with exceptions, 2024)",9,states,Global,"Yes, really. Most require parental consent. Still wild."
Average cost of a single Tylenol pill at a US hospital (in USD) (2024),15,USD,Global,Same pill costs 5 cents at CVS. The healthcare system is fun.
Number of plastic bags used by humanity per minute globally,2000000,bags,Global,5 trillion plastic bags per year. Mother Earth says 'thanks'.
Number of countries where Coca-Cola is sold but the US Embassy is not present,6,countries,Global,Coke literally outranks the US State Department in global reach.
Number of stars on the US flag,50,stars,Global,"If Puerto Rico becomes a state, redesign required. They've had alternates ready since 1959."
Number of pixels per square inch in Apple's 'Retina' display branding (PPI),326,PPI,Global,"Above this, Steve Jobs claimed your eye can't tell. Marketers have run with it ever since."
Maximum number of characters allowed in a Twitter/X post for Premium users (2024),25000,characters,Global,"From 140, to 280, now to 25,000 for paid users. The 'short message app' grew up."
"Number of Burger King outlets in Italy as of 2024 (versus 7,400 in US)",200,stores,Global,Italians have... preferences.
Average pieces of mail an American receives per year (USPS data) (2024),700,pieces,Global,Most of it junk. Trees weep silently.
Percent of all global emails that are spam (commonly cited),45,percent,Global,Nearly half of email is unwanted. Yet we keep checking.
Number of times an average person passes gas per day (medical estimate),14,times,Weird Facts,5-25 is considered normal. Beans aren't even the worst offender.
Number of dust particles the average human inhales per breath,50000,particles,Weird Facts,Each breath contains thousands of microscopic friends.
Number of liters of saliva an average human produces over a lifetime,25000,liters,Weird Facts,Enough to fill about 60 bathtubs. Mostly invisibly.
Length of food the average American eats in a lifetime (tons),60,tons,Weird Facts,Six elephants' worth of food. Mostly chicken nuggets.
Percent of an average human body that is bacteria (by cell count),50,percent,Weird Facts,You're approximately as much bacteria as you are 'you'.
Number of bacteria living on the average human at any given moment (trillions),40,trillion,Weird Facts,More bacteria than human cells. You're basically a city.
Number of pounds of skin an average person sheds in a lifetime,35,pounds,Weird Facts,That's about the weight of a small child. Mostly turned into household dust.
Percent of all human DNA shared with a banana,60,percent,Weird Facts,We share half a banana's genome. Existential crisis available.
Percent of all human DNA shared with a chimpanzee,98,percent,Weird Facts,Just 2% genetic difference — and yet we invented TikTok.
Percent of all human DNA shared with a cabbage,40,percent,Weird Facts,"Vegetarians, your salad is just distant family."
"Number of identical twins per 1,000 births worldwide",4,twins,Weird Facts,About 0.4% of all births. Fraternal twins are more common but vary by region.
Number of years it would take to spend 1 billion dollars at $1 per second (rounded),32,years,Weird Facts,"1 trillion seconds is 31,710 years. Billionaires get the difference."
Number of years to spend $1 trillion at $1 per second,31710,years,Weird Facts,"If you started spending $1/sec when humans invented fire, you wouldn't be done yet."
Number of times the Earth's circumference your daily walking adds up to in a lifetime,5,times,Weird Facts,"Average lifetime walking distance is about 200,000 km — 5 trips around Earth."
Number of Olympic swimming pools you could fill with the world's annual Coca-Cola production,28000,pools,Weird Facts,Coca-Cola produces 1.9 billion drinks served daily worldwide.
Number of Olympic swimming pools you could fill with all the gold ever mined,4,pools,Weird Facts,"Despite millennia of mining, all the gold in existence fits in 4 pools."
Number of years the average person spends sleeping in their lifetime,26,years,Weird Facts,Roughly one third of life. The remaining two thirds is mostly scrolling.
Number of years the average American spends watching TV in a lifetime,10,years,Weird Facts,That's 10 entire years of staring at screens. Bring on the eye strain.
"Number of hours the average person spends on their phone per day (US adults, 2024)",4,hours,Weird Facts,About 1.5 of those hours are scrolling social media. You read that right.
Number of pictures the average smartphone user takes per year (2024),1500,photos,Weird Facts,And they look at maybe 50 of them.
Number of words the average person uses when scrolling through their phone (passive reading per day),100000,words,Weird Facts,Equivalent to reading a 300-page novel — except mostly tweets.
Number of years a tardigrade can survive without water (in dormant state),30,years,Weird Facts,These 'water bears' can also survive vacuum of space and absolute zero.
Maximum temperature in Fahrenheit a tardigrade can survive for minutes,300,degrees F,Weird Facts,And they can survive being frozen to -458°F. Indestructible little bears.
Number of years it takes for a sloth to digest a single meal,1,month,Weird Facts,"Yes, ONE MONTH per meal. Pure dedication to chill."
Number of hours per day a sloth sleeps,15,hours,Weird Facts,And the other 9 hours they hang motionlessly. Goals.
Number of weeks of pregnancy required for an elephant (longest mammal pregnancy),95,weeks,Weird Facts,Almost 2 years. Imagine being pregnant through 2 Christmases.
Number of seconds a sneeze travels at top speed in mph,100,mph,Weird Facts,Faster than highway driving. Wash your hands.
Maximum number of meters a kangaroo can leap in a single bound,8,meters,Weird Facts,Equivalent to leaping over two school buses parked end to end.
Number of taste buds a catfish has on its body,175000,taste buds,Weird Facts,Catfish are basically swimming tongues.
Maximum recorded weight of a blue whale tongue in pounds,6000,pounds,Weird Facts,Heavier than an entire elephant. From a single tongue.
"Number of times louder a cat's purr is than a vacuum cleaner (in decibels, when stressed)",30,decibels,Weird Facts,Some big cats purr loud enough to be heard 1km away.
Number of countries the equator passes through,13,countries,Weird Facts,Including Ecuador (literally 'equator' in Spanish). Subtle naming.
Number of countries entirely surrounded by another country (enclaved nations),3,countries,Weird Facts,"Vatican City, San Marino, and Lesotho. Tiny and trapped."
Number of countries Russia shares a land border with,14,countries,Weird Facts,Tied with China for the most. Russia stretches 11 time zones.
Number of time zones in Russia,11,zones,Weird Facts,"When it's Monday in Moscow, it's already Tuesday in Vladivostok."
Maximum elevation difference within Nepal between Mount Everest and Terai region (meters),8780,meters,Weird Facts,Highest country-internal elevation range on Earth.
Number of countries with only one time zone despite being huge (China),1,country,Weird Facts,China is geographically 5 time zones wide but officially uses just Beijing time.
Number of billionaires whose combined wealth equals that of the bottom 50% of humanity,26,billionaires,Weird Facts,Oxfam's famous statistic. 26 people = 3.8 billion people.
Percent of the world's billionaires who are men,90,percent,Weird Facts,Wealth inequality has its own demographics.
Maximum number of consecutive jumps in a single jump rope by 1 person (World Record),154,minutes,Weird Facts,Robert Commers jumped continuously for over 2.5 hours in 1988.
Number of hot dogs Joey Chestnut ate in 10 minutes (World Record 2021),76,hot dogs,Weird Facts,Including buns. That's one hot dog every 8 seconds.
Number of people Joey Chestnut has beaten 16+ times at Nathan's Hot Dog Contest,1,rival (Kobayashi),Weird Facts,Takeru Kobayashi was banned in 2010 over a contract dispute.
Maximum length of human hair ever recorded in centimeters (Xie Qiuping),562,cm,Weird Facts,Over 18 feet. Hadn't cut hair since age 13. Career: hair owner.
Maximum recorded age of a Greenland shark (in years),392,years,Weird Facts,Could have witnessed both world wars and the entire history of the United States.
"Percent of all internet traffic that comes from bots (not humans, 2024 estimate)",50,percent,Weird Facts,Half of the internet is robots talking to robots.
"Number of emails sent globally per day (billions, 2024)",350,billion,Weird Facts,Of which roughly 50% are spam. We're flooding the planet in 'unsubscribe' buttons.
"Number of Google searches performed per minute globally (millions, 2024)",5,million,Weird Facts,8.5 billion searches daily. Most asking 'how to peel a mango'.
Percent of US adults who admit to using their phone on the toilet,75,percent,Weird Facts,Studies suggest the average bathroom phone session lasts 8 minutes.
Number of pages of Terms of Service the average internet user agrees to per year (2024),750,pages,Weird Facts,Reading them all would take 76 working days. Nobody does.
Number of advertisements the average American sees per day (commonly cited),5000,ads,Weird Facts,Up from 500 in the 1970s. Our brains are basically marinated in marketing.
Maximum decibel level of a tiger's roar,114,decibels,Weird Facts,Louder than a rock concert. Can be heard 3km away.
Number of nuclear weapons in the world's combined arsenal (2024 estimate),12500,weapons,Weird Facts,About 90% are owned by USA and Russia. Surprisingly low compared to Cold War peak.
Number of nuclear weapons at the Cold War peak (1986),70000,weapons,Weird Facts,"Imagine wanting to end the world 70,000 different ways."
"Number of countries with nuclear weapons (officially declared, 2024)",9,countries,Weird Facts,"USA, Russia, UK, France, China, India, Pakistan, Israel, North Korea. The club nobody admits being in."
Average percentage of Spotify revenue that goes to artists (commonly cited) (2024),4,percent,Weird Facts,Most of the rest goes to labels and the platform. Streaming math is brutal.
"Average payout to artists per Spotify stream (USD, commonly cited)",4,cents,Weird Facts,"Average per 1,000 streams: $4. Yes, the decimal is right."
Cost of a single golf membership at Augusta National Golf Club (USD) (2024),250000,USD,Price,And you need to be invited to even apply. Tiger Woods is technically a guest.
"Cost of a Hermès Birkin handbag with crocodile leather (USD, top tier) (2024)",500000,USD,Price,The waitlist is years long. The bag costs more than most homes.
Cost of the most expensive Big Mac on Earth in Switzerland (USD 2024),8,USD,Price,"While in the US it's $5.50, in Venezuela it's $2.20. Same bun, different reality."
Cost of a single ticket on Virgin Galactic spaceflight (USD) (2024),450000,USD,Price,"Suborbital flight, about 4 minutes of weightlessness. You'd think it includes lunch."
Cost of a single ChatGPT Plus monthly subscription (USD) (2024),20,USD,Price,"Cheap until you realize Anthropic, Google, and Microsoft are all charging this too."
"Cost of Costco's famous rotisserie chicken (USD, 2024)",5,USD,Price,Hasn't changed in 15 years despite inflation. Costco eats the loss intentionally.
"Cost of Costco's hot dog + soda combo (USD, since 1985)",2,USD,Price,The CEO once said he'd 'kill' anyone who raised the price. Truly sacred.
"Cost of one EpiPen 2-pack in the US without insurance (USD, 2024)",700,USD,Price,Same EpiPen costs $100 in Canada. The active ingredient costs $2.
"Cost of an ambulance ride in the US without insurance (average, USD) (2024)",1200,USD,Price,"Some bills exceed $3,000. For a ride."
"Cost of a single stitch at a US emergency room (average, USD) (2024)",200,USD,Price,"Plus facility fees, equipment fees, and 'why are you here' fees."
"Average cost of one US college textbook (USD, 2024)",105,USD,Price,"Up from $50 in 2000. Students often pirate, professors look the other way."
"Annual cost of Harvard tuition + room + board (USD, 2024)",79450,USD,Price,Per year. For 4 years. Plus a JD or MBA usually. Yikes.
"Cost of one Tesla Cybertruck in foundation series (USD, 2024)",100000,USD,Price,"Promised in 2019 at $39,900. Final cost: 2.5x more. Classic."
Cost of OpenAI ChatGPT Pro plan in USD monthly (2024),200,USD/month,Price,10x the regular subscription. For access to the smarter model.
Cost of the Cybertruck stainless steel single-piece body part replacement (USD) (2024),12000,USD,Price,"If you scratch it, you're replacing massive panels. Insurance laughs."
"Average resale price of a Super Bowl LVIII ticket in Las Vegas (USD, 2024)",9000,USD,Price,"Up from $6,000 average just 3 years prior. Inflation hits sports first."
Cost of a single courtside Lakers playoffs ticket in 2024 (USD average),2000,USD,Price,"And $8,000 if Kobe was playing. Now $4,000 for LeBron games."
Cost of a single FA Cup Final ticket at face value (GBP) (2024),145,GBP,Price,Cheapest seats in 2024. Resale: 10x that.
"Cost of the average US wedding (USD, 2024)",33000,USD,Price,"Up from $28,000 in 2018. Inflation tax on love."
"Cost of a Bangladeshi wedding in Dhaka (premium tier, USD equivalent) (2024)",50000,USD,Price,"But spread across 3+ events: holud, wedding, reception. Inflation of cousins."
Cost of the typical Indian wedding videographer in NYC for South Asian diaspora (USD) (2024),8000,USD,Price,"Plus drone footage, photo album, highlight reel, and feature film."
Price of one whole 1 kg+ Hilsa fish at Karwan Bazar peak season 2024 (BDT),1800,BDT,Price,One fish costs more than a week's worth of groceries for the average rural family.
Cost of a hand-pulled rickshaw ride 1 km in Dhaka (BDT) (2024),40,BDT,Price,Cheaper per km than ANY mode of transport in the world. And faster than CNG.
Cost of a 1L bottle of imported French Evian water in Dhaka 2024 (BDT),600,BDT,Price,30x the price of local bottled water. For molecules. Same wet.
Cost of a single chocolate truffle at Cooper's Bakery Dhaka 2024 (BDT),90,BDT,Price,Cooper's truffles became status pastries for Dhaka's elite.
Cost of a single 'pakora' at a local Iftar stall in Dhaka 2024 (BDT),5,BDT,Price,Per piece. You'd need 30 to fill up. Math the maths.
"Cost of cheapest functioning smartphone in Bangladesh (BDT, Symphony brand) (2024)",4500,BDT,Price,Less than $40. Bangladesh has aggressive smartphone affordability.
Cost of a 1lb bag of Bangladeshi 'kalo jira' (nigella seeds) at NYC desi grocery (USD) (2024),12,USD,Price,Costs 200 BDT in Dhaka. Markup justifies the diaspora premium.
"Cost of a single goat for Eid-ul-Adha in Dhaka 2024 (BDT, average)",30000,BDT,Price,Premium goats from Pabna fetch up to 5x more. Goat economics is intense.
Cost of a 'premium' Eid cow in Bangladesh 2024 (BDT lakh range),5,lakh BDT,Price,Plus social media flexes. The Instagram-worthy ones cost double.
Cost of 5 McDonald's apple pies at the US menu price (2024),13,USD,Price,Same apple pies cost ~$1 in 2010. Inflation eats memory first.
"Cost of one Starbucks Pumpkin Spice Latte (Grande) in NYC (USD, 2024)",6,USD,Price,An entire cottage industry depends on this drink existing.
"Cost of cheapest fast food meal at McDonald's USA (single item, 2024)",5,USD,Price,The 'dollar menu' is officially dead. May it rest in price.
Cost of paying off a single US college loan in monthly minimum payments to finish (years) (2024),21,years,Price,Average payoff timeline for US federal loans. Often longer.
"Cost of one Caviar custom iPhone 16 Pro Max gold edition (USD, 2024)",18000,USD,Price,Same internals as a regular iPhone. Different bling.
"Cost of one IKEA Billy bookcase (USD, 2024)",80,USD,Price,Sold continuously since 1979. 60 million Billys sold worldwide.
Number of IKEA Allen wrenches discarded per year globally (millions) (2024),8,million,Price,Each comes free with furniture. Most are lost or thrown out within a month.
Cost of one Tesla Cybertruck after dealer markup at launch (USD) (2024),250000,USD,Price,Some dealers charged 2-3x MSRP. Tesla wasn't happy. Buyers paid anyway.
"Cost of one slice at a NYC dollar pizza spot (USD, 2024)",2,USD,Price,From $1 to $2 over 15 years. The 'dollar slice' is functionally dead.
"Cost of one MetroCard ride in NYC (USD, 2024)",3,USD,Price,Up from $1.50 in 2003. Each ride costs the MTA about $2 to provide.
"Average monthly rent for a 1-bedroom in Manhattan (USD, 2024)",4500,USD,Price,"Equivalent to a luxury Dhaka apartment, or 4 NYC studios in Brooklyn."
Average annual property tax on a $1M NYC home (USD),13000,USD,Price,"Plus maintenance fees, plus assessments, plus pure suffering."
"Number of bKash transactions per day in Bangladesh (millions, 2024)",10,million,Price,More transactions than most banking systems handle globally.
Average value of a single bKash transaction in BDT,1500,BDT,Price,Bangladesh has built an entire mobile economy on micro-transfers.
Annual fee for a premium Banglalink corporate plan in BDT (2024),25000,BDT,Price,"Includes unlimited talk, 100GB data, and roaming in 5 countries."
"Cost of one premium Cox's Bazar 5-star hotel night during peak season (BDT, 2024)",25000,BDT,Price,"Same room costs 6,000 BDT off-season. Tourism math."
Percentage of car drivers globally who think they are 'above average' drivers,90,percent,Weird Facts,Statistically impossible. The Dunning-Kruger effect's most famous example.
Number of New Year's resolutions kept past February 1st (percent of people),23,percent,Weird Facts,"By July, only 8% are still going. By December, basically nobody."
Percent of Americans who can't name all 50 US states,49,percent,Weird Facts,Even with the map in front of them. State pride is overrated apparently.
Percent of Americans who think the Sun orbits the Earth (NSF survey),25,percent,Weird Facts,Galileo would like a word.
Percent of US adults who can correctly point to Ukraine on a map (2014 survey),16,percent,Weird Facts,Some pointed to Australia. Some pointed to Greenland. Some to Antarctica.
Percent of self-described 'climate change deniers' who own beachfront property (commonly cited US stat),30,percent,Weird Facts,Yet they still complain about insurance going up. Mysterious.
Average number of times an American moves homes in a lifetime,12,times,Weird Facts,More than people in any other developed country. Restless souls.
Number of empty rooms in the British royal Buckingham Palace (commonly cited),240,rooms,Weird Facts,Out of 775 total. Imagine the cleaning bill.
"Number of plastic surgery procedures performed in South Korea per year (millions, estimate) (2024)",1,million,Weird Facts,South Korea has the highest per-capita rate of cosmetic surgery in the world.
Percent of plastic surgery patients in South Korea who get double-eyelid surgery,50,percent,Weird Facts,It's the world's most common plastic surgery procedure.
Percent of people who say they read the Terms of Service before clicking 'Agree',1,percent,Weird Facts,And most of those 1% are lying.
Percent of Bangladeshi gold imported that allegedly comes via smuggling,80,percent,Desh,"Despite official imports being a fraction, BD jewelry stores never seem to run out of gold."
Number of times Eid prayers occur per year in Bangladesh (Eid-ul-Fitr + Eid-ul-Adha) (2024),2,times,Desh,But there's always 'someone's house' to visit afterwards for 2 weeks.
Number of cousins the average Bangladeshi has on each parent's side (commonly cited),25,cousins,Desh,Bengali family trees have more nodes than your computer.
"Number of countries in the world with no McDonald's (as of 2024, rounded)",100,countries,Global,"Including Iran, Iceland, Bermuda, and Bolivia. Big Mac diplomacy has limits."
Percent of US adults who say they would pay more to NEVER see another ad (2024 survey),75,percent,Global,"Yet we still scroll past 5,000 ads a day. Internal contradiction much?"
"Maximum number of Whoppers Burger King has ever sold in a single day globally (estimate, millions)",2,million,Price,On peak days like Black Friday or 'Free Whopper' promotions.
Percent of US iPhones bought on a payment plan / financing (commonly cited 2024),70,percent,Price,Apple's interest-free financing turned phones into mini-mortgages.
Number of cars on US roads still operating with original 'Cash for Clunkers' rebates (2009 program),700000,cars,Price,Many recipients sold the new car within 3 years anyway.
Number of pieces of toilet paper the average American uses per day,57,sheets,Weird Facts,American TP usage is 3x the global average. Truly elite hygiene.
Percent of all the world's chocolate consumed by Switzerland (per capita rank) (2024),1,rank,Weird Facts,Swiss eat 9 kg per person per year. Twice the American rate.
Percent of Bangladesh's GDP lost annually to traffic congestion (commonly cited) (2024),7,percent,Desh,"Roughly Tk 50,000 crore per year. The price of just sitting in CNGs."
"Number of Bangladeshis who hold a passport (percent of population, 2024 estimate)",30,percent,Desh,"Despite the diaspora, most BD citizens have never crossed the border."
Number of administrative districts (zila) in Bangladesh,64,districts,Desh,The 64 districts sit under 8 divisions — the count has been unchanged since 1984.
"Total number of seats in the Jatiya Sangsad, including reserved seats",350,seats,Desh,300 are directly elected; 50 are reserved for women and allocated proportionally.
Year the Ekushey Boi Mela book fair was first held at Bangla Academy,1972,year,Desh,It began when a publisher spread out books on a sheet on the Bangla Academy grounds.
Height of the Jatiyo Sriti Shoudho (National Martyrs' Memorial) in metres,150,metres,Desh,Its seven pairs of triangular planes stand for seven milestones of the independence struggle.
Number of stairs on the main approach of Ahsan Manzil in Old Dhaka,37,stairs,Desh,"The Pink Palace faces the Buriganga, and the river steps were once its main entrance."
Number of rooms in the Ahsan Manzil museum open to visitors,23,rooms,Desh,The palace museum reopened to the public in 1992 after a long restoration.
"Number of players fielded by each side in a kabaddi match, Bangladesh's national sport",7,players,Desh,Kabaddi was declared the national sport in 1972; locally it is often called Ha-Du-Du.
Number of stanzas of 'Amar Sonar Bangla' officially used as the national anthem,10,lines,Desh,Tagore's original poem runs much longer; only the first ten lines are the anthem.
Number of Bangladeshi taka to one US dollar in 2015,78,BDT,Price,The taka has depreciated steadily since; it crossed 100 to the dollar in 2022.
Monthly minimum wage for a Bangladesh garment worker set in December 2023,12500,BDT,Price,The revised floor wage followed months of protests across the RMG sector.
Cost of a single-journey Dhaka Metro ticket from Uttara North to Motijheel (2024),100,BDT,Price,"The minimum metro fare is 20 taka, with fares scaling by distance travelled."
Price of a plate of kacchi biryani at a mid-range Dhaka restaurant (2024),350,BDT,Price,Old Dhaka's kacchi tradition traces back to the Mughal kitchens of the region.
Cost of a 1kg packet of Igloo or Polar vanilla ice cream in Dhaka (2024),550,BDT,Price,Bangladesh's packaged ice-cream market has grown sharply with cold-chain expansion.
Price of a monthly student bus pass on a Dhaka University shuttle route (2024),200,BDT,Price,Subsidised transport is a major reason students commute from across the city.
Cost of a haircut at an ordinary neighbourhood barber in Dhaka (2024),120,BDT,Price,Salon prices in Gulshan or Banani can run five to ten times the para rate.
Price of one kilogram of Kalijira rice in a Dhaka retail market (2024),130,BDT,Price,Kalijira is a small aromatic rice prized for polao and payesh.
Cost of one Shingara at a roadside tea stall in Dhaka (2024),10,BDT,Price,The shingara and the cha stall are the backbone of Dhaka's street snacking.
Number of goals Cristiano Ronaldo scored for Real Madrid in all competitions,450,goals,Sports,He reached the mark in 438 appearances across nine seasons at the club.
Length of an Olympic swimming pool in metres,50,metres,Sports,Short-course world records are set in 25-metre pools and tracked separately.
Number of holes played in a standard round of golf,18,holes,Sports,The 18-hole round was standardised at St Andrews in the 18th century.
"Distance of a marathon in kilometres, rounded to the nearest whole number",42,km,Sports,"The exact distance is 42.195 km, fixed at the 1908 London Olympics."
Number of countries that competed at the Tokyo 2020 Olympic Games,206,countries,Sports,The Games were held in 2021 but kept the Tokyo 2020 branding.
Height of a basketball hoop above the floor in centimetres,305,cm,Sports,"That is exactly 10 feet, unchanged since James Naismith nailed up a peach basket."
Number of Grand Slam singles titles won by Serena Williams,23,titles,Sports,"It is the most in the Open Era for any player, man or woman."
Number of bones in the adult human body,206,bones,Weird Facts,Babies are born with around 270; many fuse together during growth.
Number of keys on a standard full-size piano,88,keys,Weird Facts,"52 are white and 36 are black, spanning just over seven octaves."
Time in minutes for sunlight to travel from the Sun to Earth,8,minutes,Weird Facts,"More precisely about 8 minutes 20 seconds, at roughly 150 million km."
Boiling point of water at sea level in degrees Fahrenheit,212,°F,Weird Facts,Water boils at a lower temperature as altitude rises and pressure drops.
"Number of muscles it takes to smile, by the common estimate",12,muscles,Weird Facts,"Counts vary by anatomist, which is why the frown-versus-smile claim is so slippery."
Number of chambers in a cow's stomach,4,chambers,Weird Facts,"The rumen, reticulum, omasum and abomasum let cattle digest grass."
Average number of hairs on a human head,100000,hairs,Weird Facts,Redheads tend to have the fewest strands but the thickest individual hairs.
"Depth of the Mariana Trench at its deepest point, in metres",10935,metres,Weird Facts,Everest could be dropped in and its summit would still sit far below the surface.
Percentage of the Earth's surface covered by water,71,percent,Weird Facts,About 97% of that water is saltwater held in the oceans.
Number of member states in the United Nations,193,countries,Global,"South Sudan was the most recent to join, in 2011."
Height of the Burj Khalifa in metres,828,metres,Global,It has held the title of world's tallest building since opening in 2010.
"Length of the Great Wall of China in kilometres, by the official survey",21196,km,Global,The 2012 survey counted every branch and spur built across many dynasties.
Number of moons orbiting Mars,2,moons,Global,"Phobos and Deimos are small and lumpy, probably captured asteroids."
"Number of keys in a standard octave on a piano, black and white combined",12,keys,Global,Seven white and five black make up the twelve semitones of Western tuning.
Population of Tokyo's greater metropolitan area in millions (2024),37,million people,Global,It has been the world's largest metropolitan area for decades.
Number of official working languages of the United Nations,6,languages,Global,"Arabic, Chinese, English, French, Russian and Spanish."
Distance of the Earth from the Sun in millions of kilometres,150,million km,Global,"This distance defines one astronomical unit, the yardstick of the solar system."
Number of time zones spanned by Russia,11,time zones,Global,France edges it worldwide once overseas territories are counted.
